Time,Low_0,High_0,Low_1,High_1,Low_2,High_2,Low_3,High_3,Low_4,High_4
0.0,40.0,40.0,40.0,40.0,40.0,40.0,40.0,40.0,40.0,40.0
0.003937007874015748,39.76952423400172,41.76320195188726,40.05301230130009,39.36760393642406,40.04009730797997,39.16947640841572,39.7505336620846,40.47974933518527,40.25891077799,38.715596727577136
0.007874015748031496,40.36840310181686,41.62880134560003,40.06766110350459,40.71132649603733,40.185892314520544,38.23872996342446,39.79039378907303,39.24036315572801,40.097674343921796,37.823422601545374
0.011811023622047244,39.92628733715955,42.235102528382335,39.90915440798315,41.44885830168477,39.8538972595158,37.949330480689795,40.234650685110154,39.67944636480673,40.08765708229287,38.666148705562144
0.015748031496062992,39.858490506291425,43.43920262261248,40.150664186356686,41.30827738572499,39.59221451886206,36.597220358692795,40.06006078811058,39.187254965675805,40.12371850947799,38.4255455677073
0.01968503937007874,40.13461066573886,43.28328302026266,40.29602135021061,41.20606435567638,39.67260933998793,37.256843670789905,40.098622410716004,39.98916840533065,40.243437416030254,38.34022165054757
0.023622047244094488,40.20435353407084,44.04955765673838,40.054640933692404,41.45671501301209,39.70282271767656,37.31214426924398,39.847425357525964,40.57672329011431,40.28292419904303,38.40178895826949
0.027559055118110236,40.102097280094235,45.49227230050264,40.71177490354782,40.54089285715889,39.711641560991204,37.028246113269255,39.5151559382825,40.51536379955684,40.26804044099262,38.68465152382908
0.031496062992125984,40.25172572594917,46.41859368972517,41.15846694725846,40.54452999871227,39.583527343432166,36.21965233068741,39.14147710271842,41.0699562025586,40.49345014726273,39.161053876058205
0.03543307086614173,39.92205580921538,45.026577989267544,41.06527423040604,40.561265475202426,39.538243244009124,35.33331570871704,39.142867478433196,40.66116480026568,40.68768278513385,38.624963461145384
0.03937007874015748,39.76967084521813,45.61943784306833,41.01414430350457,40.65476264874866,39.5533824684594,34.6374667786617,39.198102057554074,41.241704718092876,40.73188031892192,37.77448797096951
0.04330708661417323,39.897259286485784,45.877221256453716,41.250679474280496,40.154853309136506,39.66951303848012,34.45514505081006,39.32818055327327,41.5874187167556,40.34674775689838,38.10131670363886
0.047244094488188976,39.928682270513974,46.86104294822467,41.394278818874206,40.122013742967226,39.869694318433666,34.637052721123936,39.17591150582564,41.32150544875898,40.198968140539684,38.22808763901581
0.051181102362204724,39.803713997040646,47.20623979513342,41.55315838534229,40.07909577986193,40.147170950311626,33.673384039537154,39.094261417695954,41.55588203583928,40.446975802725554,38.46476141199714
0.05511811023622047,39.85335807181133,46.724876400802245,41.54038505337025,39.29054110939774,40.11288921374016,34.46887276537156,39.29587432746015,41.89586938252296,40.548711994266256,38.34471232917588
0.05905511811023622,40.44128436315451,45.913568722796484,41.337880160502074,38.8025969409186,40.26224154019825,35.18945794511494,39.18395726020653,42.00613346808595,40.346700309420726,38.03165515641313
0.06299212598425197,40.45763293283578,46.30234772538165,41.39303593193455,38.32522679633936,41.01847475464138,36.03454184752607,39.15719490479093,42.9173727173785,40.07964827989147,37.77127430865882
0.06692913385826771,40.54605157408576,45.86760901164347,40.87375994820105,36.769351709595064,41.01418638689978,35.214099454840635,39.17963168414219,42.035892318130074,40.298411303717145,37.86921862428825
0.07086614173228346,40.81290501796834,45.65455443346884,40.763922514658915,36.01076236543166,40.99480326971425,35.075426002952256,39.00980252892692,42.388966873470046,40.03221398054737,38.200662808518665
0.07480314960629922,40.9115454721247,44.31566442195232,40.457428955151876,35.95532197136515,40.90751879027324,34.33087330312613,38.78464435266772,43.008579694883856,40.1891987066689,38.68859496465459
0.07874015748031496,41.393304231141734,43.71233461565572,40.14613135516628,35.540252052313846,40.45121869060482,34.09868755550938,38.77257577106656,41.50905260257762,40.21214423441486,38.910766947394436
0.0826771653543307,41.469651343641274,43.545899621076,40.05267023650582,36.097913814390374,40.4194045359148,33.52727402290797,38.88030174180661,41.12553526270676,40.49365678853946,38.00961266970117
0.08661417322834646,40.980532313297246,42.880463509022746,39.97887355275939,35.44567520478079,40.49272519970582,34.06691821668283,38.67472395765257,40.69450797342351,40.952642884222215,38.10160770778288
0.09055118110236221,40.83650724736362,42.64460534014768,39.98740294880922,34.75657963220477,40.65312635422998,33.99307524192232,38.54951029284404,41.09617141597656,40.49749566825142,37.39775860961368
0.09448818897637795,40.74596549219856,43.20600041277033,40.2645846484483,34.30972759344533,40.586397211527625,33.751594018419965,38.362986165983116,41.45769222085651,40.75184525036121,37.0262312962481
0.09842519685039369,40.68064867692401,43.25187892186468,40.15471899687283,34.15657158596957,40.643632630051684,33.83603235952616,38.56663829842772,39.92903213148027,41.380101808954215,35.981029995807944
0.10236220472440945,40.91102245506151,43.69022558982786,40.4659150231342,34.72842358170892,40.53380242504483,33.36876307165829,38.336610359587354,39.79505089464969,41.415835290340866,36.16437218322725
0.1062992125984252,40.95786086280395,44.18595787717883,40.21119221020897,33.64022558699508,40.50836929780921,32.92074283110607,38.450776111196525,39.606242057194585,41.52905583931223,36.58034115373267
0.11023622047244094,41.10680921716877,45.93854125824254,40.30360219581508,33.53580138241997,40.39863964696488,32.209721830281126,38.34495733097949,39.87487444170427,41.23625734068456,37.3556286668954
0.11417322834645668,41.58657153689588,46.03808057366023,40.326044693998995,33.07469731387289,40.36072905422529,32.708969698418855,38.1396078567309,40.308756128627756,42.01530907988212,36.77201911722888
0.11811023622047244,41.32614735583921,46.335285567009684,40.23658578924373,33.607727240179116,40.4851060214586,33.33083378007315,38.301263043894934,40.28578400978614,42.28769606113197,36.58284418759447
0.1220472440944882,41.81439039032131,47.24920010068588,40.38338320004339,32.98562754445497,40.23597340697106,33.57588770284936,38.25760817742886,39.43904378211551,42.38935369647688,37.21149673653914
0.12598425196850394,42.37677910974475,47.080267060089085,40.048274993854655,33.6576087311449,40.55858854145291,33.85056987827008,38.318871007445345,38.700923347619096,42.63222168741264,38.0606524667408
0.12992125984251968,42.36967969295489,48.248134851077246,39.855504564624255,34.13932771890404,40.76883760426262,33.46216413264116,38.494321867945814,38.53343291653737,42.91238652879203,38.16545893370562
0.13385826771653542,42.38615981364573,47.73833355419513,39.724333038263595,35.061747021628186,40.389350723257564,33.553730099223635,38.71041536706261,36.917597191890685,43.04679499409583,38.38665487764478
0.1377952755905512,42.14933061075389,47.50017208991102,39.60885953318779,35.03710258877264,40.29014380230129,33.375564218844,38.368500553705275,37.40240239794746,42.84627636280418,39.079008325951456
0.14173228346456693,41.869381355343705,47.73351785810236,39.52505975984459,34.8671681421703,40.12243368586045,33.369690427155355,37.99493347980485,37.43157209303014,43.41027478504588,38.605574201168345
0.14566929133858267,42.218219475479096,48.189551690733346,39.35053442220568,35.13525644983709,40.209971399873076,34.19179983226418,38.11240811052981,38.18635554937526,43.75521188582668,38.20858046759107
0.14960629921259844,42.02131607183181,48.83239864151527,39.638774267748005,34.627742090944615,40.09073183819803,34.58121389438582,37.81095781815663,37.894941207351216,43.974691433826585,37.61333994178749
0.15354330708661418,42.38149672348383,49.06998500281658,40.30115507310838,33.191318393430755,39.807879502352094,33.64772674689834,37.99463789613354,37.80733693749649,43.88239380054043,37.679752126208136
0.15748031496062992,42.60983426944673,48.8088915024728,39.94834944766822,32.384662449987886,39.51127571664812,33.23193056047734,37.82761990143429,38.05720959821586,43.9248678079305,38.041421214839445
0.16141732283464566,42.45856677232489,48.819529825601585,40.132420083999385,32.98763224477804,39.78452585486681,33.45478945907074,37.98780190487335,37.62897298663209,44.39177237179498,37.89200877406393
0.1653543307086614,42.58940578696887,47.768275851471074,39.84494962830009,32.9472596717252,40.14366180514972,34.05420864646672,37.86150587378137,38.05125179334293,44.666331696062734,38.74324946233738
0.16929133858267717,43.03007528705195,47.56388797802172,39.97795033210591,33.658521627828904,39.78576924256907,33.9670364948135,37.661258845457056,38.947598724848795,45.05814823673868,38.748270098073895
0.1732283464566929,43.004742226801795,48.11402863562302,40.01679809415774,34.45325440059438,39.993997168681396,33.88002173574771,37.843598058404886,39.09942335432163,45.15825782456751,39.54997420489308
0.17716535433070865,42.968753241073166,48.03637744147763,39.957196460070094,33.755658779105744,40.22817709689678,35.03494073357234,37.992923034485166,38.82977535179462,45.10668696562884,39.66715093403543
0.18110236220472442,43.28080167156209,48.93014316080565,39.943723248998516,33.44940601246648,40.032211051147485,34.49759676622302,37.829942331944444,39.00267131175238,44.850989550291885,38.57017713939264
0.18503937007874016,43.22727147754315,48.732281036323386,40.27180164097718,33.59378081552152,39.848896530875805,34.36781228198716,37.892552515032456,38.076797022134855,44.68737338817014,39.552920038459845
0.1889763779527559,43.17708966231997,48.83445222733152,39.90925876181506,34.3638194263921,39.812580678296314,34.24386165934564,37.86439930698433,37.56916574226442,44.85997877070266,39.73861780299687
0.19291338582677164,43.25797891727083,48.69222280416972,39.62802060941918,33.74518852477534,40.102229376077965,35.049553208290064,37.93225229460672,37.2201956931647,44.93701558242855,38.61025148495155
0.19685039370078738,43.27592344019224,49.72968746990684,39.51800299168785,33.494185839843965,40.1759795562332,34.73192978282008,38.063366952795846,36.2070572654809,44.46569111150477,39.682903615127614
0.20078740157480315,43.15007509854622,48.747284403552676,39.47345677249323,33.54071939912468,40.25953748946654,35.245551253932405,38.36634907469312,36.463680554832315,44.27138086156509,39.66451772571096
0.2047244094488189,43.035638960420556,47.469103206383224,39.36516197203099,33.13054246958296,40.076083213552856,35.366032928212476,38.300896049664225,36.03065675262873,44.506412496833285,39.809785760963464
0.20866141732283464,42.77140396533606,47.999168724190106,39.48942941156806,33.64640626986652,39.667056953951295,34.702499203989206,38.18408954269615,37.28920395104238,44.43542660271435,40.30786291759985
0.2125984251968504,43.2410957937021,48.02055485236313,39.43999567234072,34.237349620144734,39.137922650181785,36.00652063478684,37.72321890199078,36.46526576358877,44.465907597260625,40.18447579800369
0.21653543307086615,43.428052208910785,46.25164194476373,39.55154225498198,34.35699029256486,39.19756372902921,36.22991082829419,38.016143705241774,36.46009238265731,44.33636704767281,39.79087563770256
0.2204724409448819,43.6924252181841,44.78652620482978,39.16521342200885,34.5745331857147,38.99351270630018,37.07417503979188,37.60306237144851,36.13929796523235,44.28085384386395,40.08434905782285
0.22440944881889763,43.70038476566469,43.706002426080666,39.21175647578535,34.838837019432844,39.027075656245735,36.862914926558226,37.401978255333646,35.72416049072359,44.24891688568935,39.6251859029103
0.22834645669291337,43.310429840118324,43.4567949148166,39.56568572215245,35.06429449928464,38.97116240499407,36.121577027586625,37.30491625478651,35.518501248032045,44.71097908840018,39.618128587897786
0.23228346456692914,42.99330623670731,42.72813212427197,39.304943075924356,36.069084341804526,38.72151870680357,35.65503700955906,37.30665384393614,35.162300015856516,44.85319302819607,39.02886105811965
0.23622047244094488,43.21315584480634,43.953750575721294,39.95782077574186,36.398955264636456,38.19328929068484,35.148046937509186,37.46677354473479,35.7890759701899,44.71758804789575,39.170172073419785
0.24015748031496062,43.07456887949103,44.151886160942475,39.82131066485719,36.21946602261601,37.993550337995224,34.75146469316782,37.88048502305405,35.99560661908509,44.97504886437049,38.853754924997546
0.2440944881889764,43.10118833670689,45.431001077149425,40.17769019890952,35.51542621562423,37.65092412672401,35.60528048595563,37.582094925199755,35.94975719706245,44.38167757217023,39.05439641270052
0.24803149606299213,42.93240079933951,46.046213286501356,40.23743553866453,35.18108759712316,37.69301157457293,36.10480058834498,37.635066716447014,34.43989752793541,44.00970066098553,38.63176538141361
0.25196850393700787,43.169039126593276,45.40051767282724,40.31694461949853,34.505943188459966,37.88419175764745,36.00011740595843,37.20588374632651,34.664565075566856,44.116508174120234,39.075823745383765
0.2559055118110236,42.86770796618077,45.59351204709335,40.23548073062574,34.16192273812064,38.029111843057834,36.22551337054469,37.24472717506908,34.748523881493746,43.90163448184486,39.66804864042792
0.25984251968503935,42.889647754606806,46.17071574484899,39.867838428547664,34.19439385119244,38.32155040788188,35.73276581447099,37.21434942389038,34.409031039507184,44.23049493090195,39.344683744775786
0.2637795275590551,42.7682137505769,45.9641963800065,39.75569948870563,34.35432738682355,38.155905758783746,36.15051575774366,37.43652076989596,34.39769577315434,44.054505063070074,39.37322362055618
0.26771653543307083,42.96139744727335,46.08923739222651,39.67907917086091,34.092538698305766,37.70086394070267,35.64283137482192,37.32024189636203,33.46675476203705,43.749386116384876,38.96248425588299
0.27165354330708663,42.99083311690122,46.45308369076959,39.40145094313876,33.73273608130052,37.93772057859269,35.52671080091104,37.31654645242917,33.727429537723836,43.72130358519976,39.299127215896405
0.2755905511811024,43.18806965266602,45.688394491705566,39.6583693238379,34.27626180703482,37.950859555436125,36.17175152182362,37.153603748468086,33.145603372583956,43.25530293936919,38.80982990682486
0.2795275590551181,43.02256355122627,46.56361782598846,39.52351924320856,34.21349643894505,37.994282137607684,34.92932879305229,37.09069514781843,32.43351926582403,43.462448965259966,38.67635244141585
0.28346456692913385,42.87741582572589,45.73611223016566,39.52804598380381,34.0077813705258,38.29449163606186,34.963581217768684,37.18777051351857,33.192786149901075,43.46660970826472,38.51840850782393
0.2874015748031496,42.735727645254165,46.52719857657564,39.38966595480577,34.78603371486362,38.108197309639166,35.76675024088727,37.07910271465335,33.35673242432908,43.693240704397326,37.350357476630585
0.29133858267716534,42.69641890012757,46.8855102030195,39.0746751256953,35.3745457756256,38.548991848577295,35.73816510705362,37.17106189691412,34.28533958615565,43.328161521616266,37.871773320114315
0.2952755905511811,42.59821859691616,47.32560581185326,39.12032231712598,35.99408984110633,38.979507104734395,35.9419374112825,36.93017575949625,32.96087053437964,43.61398289252944,37.59314122070687
0.2992125984251969,42.99240546285651,48.23670378235012,38.984493155098676,35.5551147069058,38.93004856652266,35.83292418265265,36.70748895687075,32.43622331627245,43.57890905975115,38.66288246146669
0.3031496062992126,43.002846384636044,49.53181085106237,39.164268318916186,35.07895080514643,39.21473857785123,35.93264776895201,36.55252714547546,32.10530709861707,43.061555313287016,39.05410078422288
0.30708661417322836,43.017430341750114,49.95122299912975,39.25490458784753,35.542174498787155,39.29463573347122,36.13671088778789,36.494873235139075,33.598794056462744,43.115606402997535,38.44282688156599
0.3110236220472441,43.44679537410479,48.634470838859855,39.36747407782736,35.33980705080577,39.22114372630105,35.264961791561696,36.397575009209085,32.828074278420836,43.09002558890588,37.85716669960704
0.31496062992125984,43.91351218312756,47.95391027497328,39.34079513440224,34.827306490230065,39.23480210449516,35.56829082713993,36.30462056890534,32.58291944997674,43.40751616447267,37.76844859571957
0.3188976377952756,44.47426812944242,48.64922900638469,39.47061341197718,34.42510692932225,39.27371535129605,35.43749446460554,36.33015132015969,32.78525601097765,42.77862675010046,36.636008544877875
0.3228346456692913,44.70321869533351,46.85221749925623,39.5224886883609,34.62827613465524,39.39782414092875,35.72774070429241,36.18513334891745,33.862337358886215,42.69564237173886,36.74417195043224
0.32677165354330706,44.60904873303644,47.476813877336156,39.79450908043446,34.53845661324587,39.32280636428878,35.91119781475831,36.6750877994289,34.76394547454052,42.831239983454005,35.537296775111926
0.3307086614173228,44.273057662214306,47.80728046541938,39.78121253178689,35.71180045381498,39.18059415945112,36.08703847250152,36.18744339006311,35.68046145980996,43.28132839433335,35.2033304282844
0.3346456692913386,44.489302755664895,47.80583340064191,39.93310043204305,35.747452353905715,39.23976766316256,34.84876338933935,35.89073861472233,35.04349179082572,43.17043977543421,34.61425285983055
0.33858267716535434,44.74530502720319,48.44488716570164,39.68857008528738,36.253399601544665,38.6349536425106,35.04236237051542,35.856550931681774,35.51306212676754,43.15243662032244,34.54147737612762
0.3425196850393701,44.80450492137865,49.38115320962541,39.8887423042384,36.275525048731986,38.80777303012055,35.090725009617955,35.93171010302364,35.38188575198562,43.49652862821963,34.928652850713924
0.3464566929133858,44.39864675797864,49.07821711215506,40.03387624983978,36.848284005727294,38.97867052050308,34.484115231921386,35.66921945400147,34.78868743325569,43.10691247762678,35.32179889208401
0.35039370078740156,44.21181653180171,49.03323699530306,39.88661406853008,36.60333580592714,39.18135240027448,34.981867166109964,35.54853199622579,34.47373495564643,42.895655519978845,35.22756050800257
0.3543307086614173,44.06303092819531,50.13262510017485,40.18541923173978,37.50436483565717,39.20306993253916,35.861230868327105,35.525344399082464,34.33745699022735,42.88631306314326,35.92428179390794
0.35826771653543305,44.44107183991598,49.410053143522696,40.015504005443944,36.98854495755369,39.545182346911496,34.5559631723753,35.58904887978624,35.25473794622628,42.86340663504972,35.45438182925012
0.36220472440944884,45.159438936825154,49.33532542373344,39.76935942412804,36.47783426440288,39.47610557827555,34.94910905072296,35.3306538640367,35.06366089495146,43.13982069428156,34.74545613520822
0.3661417322834646,45.65941511548798,49.700433198647815,40.20485253692044,35.67467936331809,39.79792183539803,34.50653323992588,35.30353616858392,33.92139011356193,43.06133707546354,33.985770063194124
0.3700787401574803,45.2022086347591,49.86309874261303,40.73743205135851,34.59216519485654,39.93383456893589,33.721116367628646,35.21123961989003,33.93615545663046,43.44050984620776,33.71202176722916
0.37401574803149606,44.947664760276,51.444771927987,40.86061448923414,35.60362857871702,39.90944575500453,33.27794894623746,35.36898096406546,34.2487726658065,43.443704682098094,34.12418437882314
0.3779527559055118,44.55969942626003,50.98692125155723,40.8992951606234,34.785200330615496,40.190951017235555,33.287250885367996,35.37920687603811,34.17209361589362,43.6755179344077,33.90704765041034
0.38188976377952755,44.28842913284096,51.36477503124838,40.911878486155366,34.39199537250056,40.052449537207316,32.70145359659015,35.56174290753455,34.24671041621241,43.7047821290927,34.12835624886981
0.3858267716535433,44.501117594611515,50.44098589221255,41.21042650266234,34.90893584849553,40.24518360033085,31.808703071349033,35.63948579983608,33.952323118203914,43.45169211418289,34.00635478453164
0.38976377952755903,44.52136379333515,49.96141238777014,41.09205096484769,34.61600376499966,40.17731378767226,32.75732939771483,35.572569267869234,33.51519160666323,43.205053402656475,35.32465905902215
0.39370078740157477,43.99561129061636,50.32759878097821,40.93919423067927,34.68234375088407,40.24504516697904,33.01751874586041,35.28845918976176,34.86109089290496,43.22971657741463,34.7907815371679
0.39763779527559057,44.54097145051912,49.46685203721526,41.221333593779626,34.28805098889712,40.6790854659513,33.04976534017364,35.39173423612989,33.933831654033895,43.566824030070535,34.81940958680884
0.4015748031496063,44.35968445051994,50.80434125678864,41.074152432007025,34.385685428877586,39.99915679207511,32.91364198890794,35.67185908987935,33.62081689299485,44.008473697932004,35.32661872319615
0.40551181102362205,44.22667185712475,50.170206638758366,41.02810856264668,35.39785341894039,39.82885195620211,33.92737840583034,35.774359425503555,33.77210839785618,44.33989691465379,35.33692740936008
0.4094488188976378,43.76394221041973,51.005027736429994,41.152895012196836,36.02247979304733,39.77852612476253,33.51445968900035,35.81671414349658,33.509114488986356,44.48854311368151,34.620632928670005
0.41338582677165353,43.7329378126248,51.356411328727795,41.1455895181679,36.416184940180294,39.74393745482163,32.8206089585275,36.051698517618284,33.28567608424814,44.62645646840582,33.9053320038051
0.41732283464566927,43.814128237230676,50.6566038050076,40.83690627786465,36.74815168745277,39.66830555138992,32.45849102158171,36.27201739659987,33.144330662060106,44.658095299801026,33.055860566249905
0.421259842519685,44.01614245179131,50.82912212631924,41.308838874875896,36.7399918396051,39.94555666168019,32.10267124431442,36.310355770715724,33.06171801970575,44.536009433521485,33.16496532406567
0.4251968503937008,43.33169345116803,50.203420572696146,41.28471038100879,35.90655259640109,39.882716573433896,33.02708034109732,36.41644795980805,32.74891036293372,44.51404221004024,33.130295456440656
0.42913385826771655,43.265056512295615,51.023185823276975,40.84327357640467,37.911236793952924,39.66633521721274,32.39794533299033,36.54256596940973,32.99546408323787,45.01433566341268,32.77823624666345
0.4330708661417323,43.25902156747529,50.616059748237284,40.94657889939933,37.50084426666325,39.92213629027782,31.841185746369334,36.373901558825196,32.98968091309727,45.139207093981966,32.03557349321014
0.43700787401574803,43.0784667511962,51.3917224451783,41.18811589292324,37.55091684643804,39.97892266108104,32.06722386730451,36.45920178357461,32.76401903127627,44.93887841785048,31.866180110576668
0.4409448818897638,43.28992845614048,51.64782188986979,41.74634226592454,36.88298677641728,39.74497562064932,31.902297694878,36.398701505468175,32.33770028994804,45.02541611441878,31.4360703817521
0.4448818897637795,43.52398811118887,49.96289870897349,41.6194974784033,37.675294079889895,39.057245570499866,31.573803652858093,36.72631727560775,32.943114343315266,45.261542036987095,31.97796346452225
0.44881889763779526,43.06856247833086,48.97861668467003,41.48049731711423,37.04985376556323,39.46000750485596,32.856884164882274,37.0773005393573,33.863484247551646,45.54949561694506,31.97726087959555
0.452755905511811,43.04131787655634,49.19949541458455,41.521693686371286,36.70072317542609,39.44623357017877,33.095244314568504,37.35729522329299,33.49851859117446,45.320696716275854,30.972923443012967
0.45669291338582674,42.84403387411093,48.20281177539261,41.80451735295522,36.730205237838035,39.45388978499517,32.52369187351819,37.69805780065089,33.47899230626234,45.1511519273164,30.465428476347025
0.46062992125984253,42.84954922699246,47.6340247753792,41.58231409968989,37.23912166356625,39.47435209187872,32.665316894779686,37.366134407162264,33.489733740083935,45.034334913689584,30.899872101382602
0.4645669291338583,42.48363904472073,48.015642728143845,41.78301124492416,38.10172139044873,39.67048918761434,32.445116950906794,36.97811725575142,33.279854145069486,45.43252780446596,30.283812912139776
0.468503937007874,43.169436164278785,47.715222291637545,41.81481274140936,38.69634457825649,39.52964833126921,33.122069927592605,37.65089221020237,33.796895525302126,45.07799491629008,29.445800403828475
0.47244094488188976,43.195277394743975,48.54847726153081,41.88169517151327,37.59863420264878,39.881962163597976,33.60434926418422,37.75366574326,33.617881059814955,44.95825575388776,29.78421086140446
0.4763779527559055,42.957883899212895,47.55668671491139,41.81165474120122,38.307136819446185,39.64882883419981,32.847991584448145,37.78283134443844,33.28125826080939,44.82033997702679,29.331965445018884
0.48031496062992124,42.57547342158598,46.27047025787977,42.16069534330105,38.38203637832399,39.5437501522733,33.79412767482904,37.500043587540446,34.68927414418441,44.79419579035562,29.390525687708287
0.484251968503937,42.613852754467,47.10283644074879,41.71860394527696,38.5399081859864,39.64472051084185,34.07455539687141,37.27136794641286,34.5194827051347,45.29626663050814,29.494347563269184
0.4881889763779528,42.774083465604406,47.522218630640424,41.6336333802024,38.20840689871358,39.47808750696732,34.04923237093321,37.26442857566306,34.504152016409876,45.49183018273031,29.89062565117771
0.4921259842519685,42.7874493638535,46.74999393955617,41.5965738427374,38.19556618010688,39.51119733376876,35.0865393143776,37.140840838409396,35.15049581500939,45.415357298610225,30.537345104406526
0.49606299212598426,42.24768634066201,46.78999736911001,41.87036842787251,38.405937258349205,39.603940582921815,35.65472769591958,36.97813971561619,36.027403166956766,45.977879353581606,29.61691368798252
0.5,42.290712689991764,45.84661317650685,41.6179360779473,39.21295732045169,39.83554797717924,35.51670985315917,37.08796544089199,35.664807645744574,46.113433910860685,29.048244545224925
0.5039370078740157,42.19771594936234,45.46912269281665,41.75523791555723,38.36887183751142,39.78894131650313,36.69849896418886,37.23486077875105,35.66910526107156,45.584040455572236,29.03556225155629
0.5078740157480315,42.102774325651474,45.910047871735,42.22616196840432,38.96620486182953,39.61623469780708,37.260353582100464,37.111375924010964,36.28666941229056,45.4774504514732,28.76195284224568
0.5118110236220472,41.80174240795891,45.71722496121098,41.66102623039646,39.45467645254832,39.57763316171072,36.969708208323546,37.16054474099776,36.30090598980286,45.48395349242169,28.95545195512092
0.515748031496063,41.783491432706796,46.301910066921735,41.69195968350403,38.37310678616434,39.85033568482217,37.401670546394776,37.1336953293936,36.18496645092297,45.34160356798549,29.290463700492392
0.5196850393700787,41.72952816927129,46.888078286443694,41.863212985943676,39.35909731553589,40.222230397270636,38.213408339572105,37.00488286967088,36.966391516282876,45.39117131437435,29.967613059668682
0.5236220472440944,41.83783650683567,47.12454081219001,41.622267280171656,39.397563313109785,40.24638584348917,38.75465520574316,36.68205172541989,37.40836731270033,44.90877355999891,29.836483950050763
0.5275590551181102,41.9538784561286,47.4460555738756,41.54167810457921,39.3944865170374,40.316481408335974,38.25384088524296,36.695263055139804,38.18328605696242,44.654857654860464,29.87641465578573
0.5314960629921259,41.961786351075105,48.993237672996955,41.2398892463885,38.40861297616099,40.68740020366935,37.93781018775769,36.400391894896934,38.22087470072091,44.62109746148393,30.42356683991592
0.5354330708661417,41.707189395894474,49.3233871967671,41.40697602741753,38.61381633913893,40.62200967488699,37.2848904467377,36.299127333379715,37.54529020372131,44.88105567243018,30.591851041879366
0.5393700787401575,41.73459539444716,48.291272400515,41.5607680171064,38.309894574248084,40.39107575927073,37.59547463170085,35.99631404118303,36.98448800314438,44.93245002516465,31.37667546299863
0.5433070866141733,41.67081746126781,49.24123851429988,41.743761810215055,37.38365809186863,40.3899064667032,37.06338201509736,36.05963868722079,35.675859795422355,44.49599566232214,31.0063178497055
0.547244094488189,42.184266445019375,49.856473981008406,41.720464411174284,37.15860552950806,40.585776950006434,37.34879557780409,35.887502060177546,34.84077722537339,44.60301151119705,31.40908359610536
0.5511811023622047,41.85934912874285,49.44589486240815,41.858516044427084,37.18325429622431,40.514299750813265,37.31202848294504,35.91102985113134,34.16230285621281,44.81942173318893,30.855803307200336
0.5551181102362205,41.555399822404155,50.219903465408066,41.69851428817243,37.43354183011615,40.64969646198895,37.944240699446695,36.40077921138175,34.352421479796746,44.80176446405601,30.939590653308287
0.5590551181102362,41.72916617159303,48.883931315097094,41.690226385186314,37.29246836601495,41.16428802950887,37.9458677361448,36.018913093858934,35.42111336375307,44.849529694210524,31.2876088874763
0.562992125984252,41.32326117003499,50.08489724960139,41.0542341487374,37.659637087844295,41.26056651860571,37.540403141816675,36.06745679029899,35.50292542705989,44.79056220727776,31.41832659005601
0.5669291338582677,41.31524941459789,49.37071043471692,41.87174303273609,37.45035452605864,41.21322026831213,37.4369680156451,36.19994142674178,36.413888886382445,44.62922497575835,30.40769714006579
0.5708661417322834,41.411303026247396,50.3278794128169,41.828934615501815,36.91771688633239,41.1265331594753,36.64889979762805,36.63018588915119,37.1050783690772,44.979955180200044,30.771168957041635
0.5748031496062992,41.46639934544043,51.3420524651279,41.24393727979392,37.39884954479773,41.05280429165921,37.850396725554376,37.268750553866084,37.4478106986565,44.936106062804,30.71017665359881
0.5787401574803149,41.773028591801285,51.642491759817354,41.63657924316767,38.146003350444765,41.12860183906927,37.40553539733456,37.089502109563234,37.0825694334397,44.2706891641126,30.5758494833959
0.5826771653543307,41.97208804739724,49.961999817590105,41.44339413872529,38.24664751460864,41.19349072953642,36.31650618221828,36.81616622699377,37.13095292676528,44.21792702915468,31.00530924163391
0.5866141732283464,42.000797505972116,49.61186454185912,41.5328184964971,39.270905859801324,40.92480307257592,35.50165264094225,37.110052311204306,37.842345845209515,44.07321015395794,31.348318112187222
0.5905511811023622,41.57935667832567,48.29983241473304,41.524028788471206,40.95935969159058,40.95296469074583,35.48292577510168,37.164977736814706,37.339340837645295,44.470716122987774,30.67120432281003
0.5944881889763779,41.537312838346246,48.155954518238694,41.512480153309966,40.896851055820036,40.68883635413084,35.55682178053716,37.373883991896754,37.18255640946175,44.54315442208789,30.9903524157418
0.5984251968503937,41.44746566125935,47.88589237265023,41.035977033220874,39.674846162826775,41.07682431020136,35.490312656758654,37.103644340185255,35.81926731213596,44.39894296414536,31.1769709518824
0.6023622047244095,41.56023983772613,47.172907377571754,40.747271238434784,39.795258369544634,40.71129508857524,36.238645075731,36.62669957121181,35.303111456445365,44.620776874020116,31.710712150481342
0.6062992125984252,41.437705214336525,46.87449727140844,41.514940337393796,40.90848087279218,40.47652535934378,36.04819333937791,36.43223901037816,34.8543431002988,44.483561288936386,32.0675443854305
0.610236220472441,41.52049789243299,46.576210051149666,41.41207141326078,40.38784401150982,40.65116355293536,35.795021695217464,36.22574950584272,34.84642158838464,44.11895460371899,32.75784345563334
0.6141732283464567,41.07163798290433,45.18514523005349,40.85385722050394,40.42154739597163,40.53822595406469,36.1628128816978,36.17445103713553,34.96862630683184,43.964999423044475,33.446397062688845
0.6181102362204725,41.41147550923243,45.15379716466677,41.18795139500772,40.323625958967355,40.47221756740758,36.515905005115464,35.78435945932988,35.03962369237634,43.829438484474366,33.25736923821159
0.6220472440944882,41.275183170379,45.54071464734657,41.03758281237145,39.9299312493449,40.31415587868526,36.18307255989812,35.65454275185031,34.76596836930837,43.74384235835839,33.97896164289301
0.6259842519685039,41.130088577851986,43.26123363680382,41.11061217108044,40.196581756163354,40.42435846865071,36.219618988813764,35.46766108762609,33.86572596461204,44.11338220749688,34.160101366589664
0.6299212598425197,40.89659237146047,43.60452340835712,40.712721346630346,40.58736307226446,40.540039038543284,34.730080570826345,35.30250827009309,34.607594150807586,44.22315407701495,33.78092463407148
0.6338582677165354,40.29911290060196,44.09473478764808,41.087664607658404,41.078357214379174,40.730203643991445,34.268872882186095,34.986819604927554,34.98248703043827,43.83371472404424,33.592610898534005
0.6377952755905512,40.74099954203663,42.68282138194003,40.91697444858731,41.850223744512874,40.53625862050755,33.8684335432793,34.50588957673657,34.530111658953196,43.75794651449079,33.39608708632154
0.6417322834645669,40.70203489090349,42.88525976296454,41.119998089313086,41.832398673382095,40.199558056897935,34.17560788311237,34.19303548361056,33.82088669675323,43.902436661828176,33.02295511002351
0.6456692913385826,40.97837025404811,42.82748753004198,40.73405213248307,43.09755476981078,40.49134509635272,34.13073983811886,34.21724413251279,34.41260564013784,44.22393582663157,33.05852851238571
0.6496062992125984,40.97967497299025,42.52279481551284,40.10863215735974,42.95111893860537,40.47186522781247,34.05669465865062,34.461020607003086,34.75471740710695,43.996827327291534,33.78697769853325
0.6535433070866141,40.89927826925411,42.78280201102974,40.08325466581775,43.77120228229345,39.754674344222515,33.55736793117825,34.83869300333824,34.54509026107195,43.76877887645564,33.41906268947768
0.6574803149606299,41.04838506556512,43.01404061913426,40.08038589257073,43.54541632135422,40.08716036548319,33.957369998151165,34.94391504167973,34.05691218061491,43.724939847181034,33.457409118762705
0.6614173228346456,40.837643831734084,43.49780944865298,40.299970354322895,42.15524133993693,39.63487396119334,35.10353948993762,35.10204037649264,33.92173377758475,43.444069235251746,32.410421888691715
0.6653543307086615,41.17782007675612,43.62623082863032,40.35979663915907,42.19727215578114,39.813787086976035,35.075028863729734,35.1366820366479,34.46518221859058,42.98690942924873,32.80573692866801
0.6692913385826772,40.97488531377186,43.85068973095444,40.54914005946454,42.51517628058218,39.87422969291264,35.034181645116504,35.4136515238948,35.44135652981804,43.11599097660019,32.06003588111379
0.6732283464566929,40.74570515123274,43.96746728754202,40.36575618022425,42.57862775793456,39.91881713974154,35.49767962019911,34.91619019273862,34.988962342891654,43.58908330897688,31.19827825978823
0.6771653543307087,40.87789263217288,44.0963987522689,40.69560660196213,42.7865789473206,39.54177791453472,36.34390475312279,35.20534992392335,34.3082534776212,44.21999651318798,31.778111477522277
0.6811023622047244,40.55841199475105,45.75480425409418,40.91180796531174,42.55324968349948,39.56073445470238,35.625102680817555,34.88082000624561,34.10543955880418,44.37764389787573,31.800106010873513
0.6850393700787402,40.78971388656359,46.18106700635977,40.77682508005563,42.17859340669853,39.86883550523811,36.511024159472846,34.53250841108207,33.52528716028585,43.982394711219605,30.94756366743058
0.6889763779527559,40.84394500358846,47.00460187267558,40.802584711623766,40.69356260150733,39.70841363694161,36.411362964464296,34.72424285113581,35.18068601729509,44.149684746401576,30.956337952074836
0.6929133858267716,41.08316326634668,46.20043006842308,40.7903363564375,40.676149079284315,39.87730804614945,36.39954965100474,34.643550039170265,35.2859627913954,44.73949122556785,31.29255349295076
0.6968503937007874,40.89311564831687,45.46919426651612,41.34844001279504,41.77212669247716,39.904877119154385,36.5567010834547,34.36091818909233,35.70492077407732,45.14467596010905,30.99899933978335
0.7007874015748031,40.94473979286584,46.40818493717368,41.588793057645766,41.62342691463655,40.230165553956084,36.73313247238026,34.45001476788728,35.19917379360746,44.99824430018498,30.528874019268205
0.7047244094488189,41.21475443144403,46.93110778508698,41.60863845698408,41.353451079391014,40.422300626331705,36.25850493957068,34.00074294204812,34.86067083320202,45.145705962089934,30.878017334469995
0.7086614173228346,41.06908488444482,46.490194931900994,42.05993524645529,41.296666968450054,40.59943271122273,36.28418220383164,34.0679774492129,33.82866071832872,45.30479135916298,30.18004355544699
0.7125984251968503,40.83119902166766,46.757394016639374,42.50819570573052,40.838732653976415,41.12590221058037,36.90277836149769,34.16806233891799,34.35767870000074,45.778295313035585,30.53476786052628
0.7165354330708661,40.70467487619509,48.11420476337552,42.31567207460812,40.804798481703315,41.15589227361985,37.29583203944182,34.277451518252114,34.058948864315354,45.68675468264369,31.72383093984881
0.7204724409448818,40.86125349504804,49.634060426735864,42.41701385804562,40.831680770062356,40.91753821696818,37.53961942684221,34.405225443917125,34.801260936421166,45.95588160420925,31.66559716995205
0.7244094488188977,40.924520409377436,49.14627555912491,42.743828397771914,41.410763405057146,40.62431373405266,37.603544516793534,34.52249988784548,34.9176003054404,45.64013927094277,31.26615880962173
0.7283464566929134,40.6577773641912,47.84529289403424,42.594807545561686,41.583722253627755,40.40337554528627,38.155114552594064,34.42010647659444,34.81041539087249,45.60037495221775,31.985431851822682
0.7322834645669292,40.89055189595866,47.33959356964235,42.52909695819483,40.915385763719634,40.02048650855235,38.13290216277289,34.682589487186846,34.7817615863888,45.382408365984276,32.38686420508468
0.7362204724409449,40.89480435863466,46.78648097163249,42.66834828684546,41.81277914386116,40.089518170009384,39.32746404175654,34.93708804098738,34.776836915752995,45.540247201199186,33.03705940578155
0.7401574803149606,40.693115436060225,46.03320975928423,43.27176218127349,42.537762177986664,40.15734151830631,39.992115193121755,34.92129459546877,35.2642919900051,45.83719907608132,33.04460216894903
0.7440944881889764,40.77603316804307,43.921708996594575,43.400600452753196,42.129657244451536,40.80426802252562,39.61835188290579,34.87750942325166,34.73981137496128,45.76746381760486,33.1235785373459
0.7480314960629921,40.825124233015416,43.65380479017922,43.7128994504869,41.60460590632067,40.437829607216194,38.97905761602715,34.46384285332282,34.36631051506708,45.62048399188036,33.721946732810736
0.7519685039370079,40.425866622126115,43.22177795912566,43.617028843651525,41.28819908942315,40.58443309498836,38.71822931830866,34.287504654954674,34.56529238594239,45.233610187234405,33.979223290691564
0.7559055118110236,40.46255313615512,41.177939174449385,43.87369412706147,41.96938065787508,40.171982905236995,39.6088987217861,34.48016740345985,34.012206228076835,45.486948989711834,33.47703029910885
0.7598425196850394,40.72389685430754,40.90655960629628,44.22985488758916,41.4914947595751,40.74600459285746,39.76674201983676,34.41941751074031,32.98974748022871,45.539711766549054,32.90578450626207
0.7637795275590551,40.63672628696537,41.913552146509055,44.25129950150041,40.90696323576209,41.15715393688639,40.561176073103724,34.14520040308302,33.18921722663584,45.31518891003297,31.987435152868674
0.7677165354330708,41.00707488995804,42.35106532453511,44.55542625818141,40.850784277501255,41.08282207328516,40.290543986066744,34.34438424093151,33.332426531643044,45.4336165109437,32.24070300671158
0.7716535433070866,41.41247087628272,42.84115210039539,44.59730638580426,41.625110103947804,41.36661519051218,40.56752625173908,34.92995249081944,32.628902373404195,45.6255848452091,32.0163931885753
0.7755905511811023,41.44485349805446,44.839188891354844,44.820537154555986,42.117830444386804,41.29134718613564,42.09440752358717,35.469825747548185,33.358542427156685,45.69869104485592,32.15295731382947
0.7795275590551181,41.39345794175001,45.072372014345284,44.606692176247954,42.1135610435421,41.59512815311639,40.96680573242769,35.679582191454855,33.38374604950286,45.577670037849224,32.77876833887459
0.7834645669291338,41.56273310920589,44.66970675824637,44.20554057807087,42.40559746784966,41.66305505867759,41.53341084572719,35.79779888583661,32.92314496800277,46.0874645244024,32.56220314305039
0.7874015748031495,41.381348920476434,43.97755318537719,43.87184812205573,41.87873448121641,41.44865806988541,40.71414586333527,35.514497407252854,32.47366668912137,46.49577066145829,33.30262152210932
0.7913385826771654,41.803002855326014,43.366788816400785,43.98072306476307,41.98159410666431,41.78586474587464,40.41221965021567,35.561126897522776,33.089516718164205,46.48998925598125,34.0033037104144
0.7952755905511811,41.73539808060044,43.97507672702623,43.91584598529662,42.203029740458476,41.39979136167105,40.28483830323681,35.63689068915351,32.48650075740349,46.50018746198648,35.05602569051895
0.7992125984251969,41.950304082394304,43.471821983289296,43.96236426466065,42.66231095438683,41.377085527041714,40.97343531005996,35.45892325382851,32.218879941983886,46.543208069153856,35.64339345332256
0.8031496062992126,42.16444164575765,44.01348919765842,43.6677502199725,43.83885064857448,41.41934394822783,40.69113189810241,35.52752501114918,31.584228252835736,46.35549473932372,35.37760526304522
0.8070866141732284,42.02883668760333,44.17847816929694,43.75156706492181,43.899593268312174,41.14434953214984,40.45922575789165,35.622314494611445,30.65325202172896,46.11697198259585,35.65541226418368
0.8110236220472441,42.32898050325552,45.56618671529952,44.41402165436162,44.240028876648545,40.94157258533885,40.86493393689357,35.75854702037724,30.94298791491622,45.92846686156819,35.89432748297898
0.8149606299212598,42.62545134244645,46.25364019408819,44.082404521884165,44.53530579645867,41.08437312458197,40.68380679103632,35.579569091542886,30.571246420096674,45.89051635884818,35.77110016809549
0.8188976377952756,42.36983559011734,46.50340986721909,44.330691026450374,44.33553104627249,40.888021009142534,40.90363286108455,35.719602189402046,30.7962851394073,45.81311639937236,36.255513219172705
0.8228346456692913,42.359420127087546,47.4611415338022,44.392733777465295,44.41072836908299,40.7118888184474,40.083848018868494,35.78362606190689,30.644120747556308,46.27466586355194,36.297700996786034
0.8267716535433071,42.17262525235419,46.11684489332247,44.740108327147404,45.39911494525192,41.113810488495815,40.19230838347533,35.6172833386446,30.841912985635695,45.874048328233926,37.0923530835403
0.8307086614173228,42.27245258565989,45.68278261258997,44.60757473402525,45.8293664204924,41.61527975950057,40.1420305749161,35.641889285186124,30.767423030238106,45.664816527298115,36.66058051315585
0.8346456692913385,41.98815013574014,46.89793325881759,44.933705748261644,45.581072030772674,41.48579439670713,40.6014365857447,35.66852971879338,29.877024090099702,45.96025331195442,37.356479251045215
0.8385826771653543,41.88040576303692,47.69415890802725,44.94198513594822,45.67227204805557,41.50108114427388,40.47608093936626,35.83831192954012,30.078604344277817,46.152325832839736,38.71533297417049
0.84251968503937,41.84235006691191,46.39752706448039,44.98116603839746,46.254119965891476,41.42387634913638,39.91639597669468,35.52297335089243,30.083416713737307,46.248727540867925,38.583085092207035
0.8464566929133858,42.358898397151066,46.10771286942033,44.7529987990801,46.26837922278927,41.24252349486564,39.22509925132277,35.3456785104185,30.58329997129462,46.48084685771594,37.51544470882306
0.8503937007874016,42.49811044919432,46.51988817487856,44.72962372559243,46.05324377677742,41.024444456880495,38.52316023194448,35.38286444353505,30.69484052229574,46.04648932026523,36.61693071280275
0.8543307086614174,42.55643397476541,46.57084641600368,44.99535666338032,45.04710159165915,40.72175459127441,38.820102033354914,35.05934355960847,30.264271918008312,46.524576927164084,36.37518465944975
0.8582677165354331,42.41318559533357,46.80758685444271,45.33732189810985,44.52248485404459,40.70164511603532,38.80314520870401,35.040279902863084,29.559898152658054,46.67453898549357,36.75234457879561
0.8622047244094488,42.197970013335734,48.12557505114351,45.396432787415335,46.49359020398276,40.62344762842742,38.87696976463588,34.766507679310905,29.939344451554362,46.79542565939071,35.743156181232635
0.8661417322834646,42.148189102934644,49.282750911174695,45.37315256802062,47.08167218966894,40.3341768265956,38.600215102447386,35.13008799191098,30.53451909351595,47.07495509295011,35.617362741620155
0.8700787401574803,42.42308351249656,48.95194916603621,45.30762967154495,47.45497016956975,39.91561223508444,37.974592161137465,35.57715821426414,31.03827913677427,47.079148580983954,35.0441998594654
0.8740157480314961,42.243805816609566,48.168760401392824,45.44752543346042,46.80021911549342,40.226778704429535,38.444955281144544,35.58882072310046,30.752648097921796,47.47908289082055,34.31973975205657
0.8779527559055118,42.550824796344116,47.73386899591241,45.16205246971623,46.798806294451346,40.075715316177934,37.75091772756334,35.81945633434266,30.211608026385754,46.69339883448957,35.47257651442579
0.8818897637795275,42.531024728355185,47.11205286748397,44.77793148774228,46.583769088441535,39.97481574407077,37.55128393768333,35.76921872117197,30.02619550779453,46.61050011191343,35.83507543562611
0.8858267716535433,42.403739819471056,47.83500549947669,44.49083103755284,46.38220665563779,40.568568527491024,36.84068424286808,36.20524334045415,30.64064598558725,46.292662715281935,35.79841195775557
0.889763779527559,42.844718544042664,49.15596691050169,44.40033542080814,44.77029942981701,40.620619430783975,36.97101232944355,36.20797411406743,31.577283285307264,46.122898716056014,35.616949812255896
0.8937007874015748,43.12945081555982,49.00531675115728,44.456382998243555,44.99898406453785,40.51834854690748,36.66440983622357,35.928691826107496,31.437621928765182,45.88608194515228,35.445038901607944
0.8976377952755905,42.70563953129521,48.54616003395658,44.48079570122776,45.88765866669997,40.23325711990125,36.946912529101034,35.88579893556881,31.576069896681094,46.302233126567856,35.911354019426255
0.9015748031496063,43.04717855547019,48.36778449407785,44.49280185525832,45.3520567189209,40.230280775199205,36.615108490006925,36.326039562774824,31.59187089146461,46.475401415821054,35.3316452035739
0.905511811023622,42.9789746179393,48.01107928884776,44.11571679407835,45.0063122019271,40.34871153333981,37.85266508436248,36.53222910935111,30.232197325430235,46.31316075240423,35.24878737326204
0.9094488188976377,43.077809477849065,49.333417509746894,44.035919367934554,45.113595609490396,40.32118237298754,38.31790632865876,35.97922092116998,30.293821305266857,46.27059250405183,34.89645409523716
0.9133858267716535,43.36017611475715,47.62178776897022,43.88226346744125,45.280303880840364,40.353520795555504,37.869815554957924,35.825560301448384,29.92781328077708,46.39709876402271,34.63979520086206
0.9173228346456693,43.32175264959601,48.94772246368299,43.644382780039116,47.00981555453101,40.70998816067692,38.01673720297707,36.051299979588535,29.723763014538168,46.24291741599365,34.016486802401545
0.9212598425196851,43.47753085283053,49.330598746676095,43.8121720277065,48.34676543218406,40.89328884469116,37.887197524299665,35.685081283724976,28.628578156532413,46.55683524683021,34.39009344367182
0.9251968503937008,43.342656236169304,50.11642582068522,43.73450307110592,47.16692255328651,41.58945550420004,38.00998392952785,35.76953227661395,28.84473968239746,46.465976703125826,34.36690251575551
0.9291338582677166,42.763390017290185,49.51844143155337,44.13653671888501,47.940876739689394,41.25806426698247,37.7874304130777,35.561221440853515,28.18636495914133,46.39132222105665,33.27828188363434
0.9330708661417323,43.16364675055327,50.521220805362006,44.37152759064065,48.427269329843504,41.23669590381648,37.85742893616817,35.64681151842795,28.005017241910227,46.238476085120766,33.01785812288603
0.937007874015748,43.22186182539585,49.69257228851717,44.41290832673203,48.122393384248426,41.50683930871624,36.616307774922944,35.87997931663912,27.69489684008858,46.40363671762939,32.872412879704726
0.9409448818897638,43.14401364033398,50.19144895898754,44.64061543931369,48.114989208526474,41.502496840973066,37.090193064440186,35.65335801004898,28.294089982439598,46.30813748955882,33.43358819970588
0.9448818897637795,43.18727890640834,50.58560463228253,44.91665705593642,48.146674065290185,41.47431178047199,36.53708232267688,35.39969340363599,28.635868320937647,46.34650238901382,34.33033126779175
0.9488188976377953,43.2384267865022,50.88096646367738,44.99025254646172,49.61742619022197,41.73328684648728,35.679985227424666,35.642738280978286,28.130954334927118,46.19559958298769,34.80709270340303
0.952755905511811,43.09169342559397,51.11594502491462,44.71786597958139,50.66340853587297,41.935993785523365,35.688182585400305,35.98359502024949,27.761230200901583,46.126095582368436,34.70691555681791
0.9566929133858267,43.04677338829327,49.911150101665136,45.15054948831429,49.79042337687172,42.08883341673423,36.24943570585736,36.09908894553497,28.15442164299502,45.8032113539439,34.92094163753345
0.9606299212598425,43.250434544176244,48.5872537958666,44.908656369339745,49.53402165886165,41.80923584246364,35.56999834653381,36.03759784969045,28.687328717324707,45.6564968201922,34.61768625664905
0.9645669291338582,43.21073067979128,47.78269616510677,44.52383041166211,49.580575484152114,42.080518812008016,35.229619257426236,36.30961591109294,29.368567693188318,45.120203169199755,34.235019128527526
0.968503937007874,43.49643273912136,46.75649556317583,44.318430049798465,47.929591348744026,42.326672328950664,35.22924975873043,36.31117611543574,29.1235687327513,45.149666431402885,33.483837032635364
0.9724409448818897,43.466465219270276,47.65081252962268,44.67643503695172,48.45389851542395,42.0174579564463,35.23029973644025,36.46681926724227,29.760611894039403,45.4829974338019,33.847647056947096
0.9763779527559056,43.682370035570905,47.05826505701825,45.34921297034273,47.68691317110394,41.8978566815581,35.6989903502962,36.70309164115956,29.959710674499593,45.47420871303311,33.95376523552632
0.9803149606299213,44.04106864585483,46.455634182199304,45.36844992032039,48.16420894324076,41.81568207314673,35.292785352643754,37.02121446968718,29.92593523464774,45.35543494664535,34.740466457104965
0.984251968503937,43.671485297489916,45.99601765413337,45.24275459607248,46.99853442003536,41.99785623619847,34.72675153682461,37.362063937883455,30.406827214402924,45.408488498852414,34.89569569286458
0.9881889763779528,44.05332889293811,45.92476151865002,44.87857275141342,46.645415366326006,41.90088984712775,35.00755164116583,37.31206451524591,30.01619212660021,45.397301262526874,35.07949941200991
0.9921259842519685,44.09738645384727,45.41966688517199,45.09433106103969,46.01063661979331,41.803741570452324,34.674019333714156,37.36224120171588,29.85361396655317,45.40589564127049,35.069202766644516
0.9960629921259843,43.86203389545142,45.60888038395819,45.0834738209633,43.37032937825551,41.78580947446074,34.25111124812365,37.341192561300744,29.684347544650013,45.43639557592517,35.91371962596905
1.0,43.90358260043177,44.85775198776901,44.98248592658467,43.5015737641609,42.13924067988482,35.070537474809605,37.084825365797876,29.08700044818854,45.252317840942,36.15263535878037
