Time,Low_0,Low_1,Low_2,Low_3,Low_4,High_0,High_1,High_2,High_3,High_4
0.0,40.0,40.0,40.0,40.0,40.0,40.0,40.0,40.0,40.0,40.0
0.003937007874015748,40.14356410931575,39.98419574242998,40.18145601105637,40.401151207716055,39.960129280090136,40.70364650816818,40.40110488788943,39.33351965257496,39.82036531923951,40.78006283184696
0.007874015748031496,40.10355442465632,40.39928381088739,40.39392569407625,40.30122690536069,40.115045328050215,40.81336190307482,41.89006177372812,39.59477996953878,39.95913926331675,40.601589618730564
0.011811023622047244,40.005890227709635,40.30031334523472,40.47433575174409,39.836451111159896,39.69982828825693,40.918138632769576,41.809663805437445,40.05329201326958,40.577692813609765,40.12018061862225
0.015748031496062992,39.88364563719182,40.06324164529081,40.57326328815149,39.62830530238694,39.36678084634239,40.0830073952475,40.62515413342699,40.391381595640006,39.8945509774853,38.78423270349785
0.01968503937007874,40.26927020633638,40.02541370981188,40.60962304179477,39.292763554422585,39.25091181048837,40.346266113372344,42.23304152629887,40.4066176378879,40.4381277406341,38.852339700890234
0.023622047244094488,40.31632207696852,39.75526077614929,40.724539339699405,39.16324276357941,39.19761659188363,40.302741318821326,42.86186777164443,40.2417214536953,40.62684692003881,39.06675487901559
0.027559055118110236,40.18315717953853,40.236087454140346,40.74033035413971,38.92183161848065,39.41843819727568,39.899412042432736,43.54911535484734,40.150290373999646,40.16441280012968,39.41399372681612
0.031496062992125984,39.8943281435667,40.30782709830702,40.25863204677187,38.61585388531097,39.48575141639233,39.35593086634155,43.588941095506534,40.16351574957579,40.86754016242173,39.72610309227933
0.03543307086614173,40.09802827867676,40.37021156960322,40.24843852424036,38.561140948145514,39.13809394091495,39.35907375939769,44.16868474528124,41.05835028023568,41.244439981536544,39.75132266181332
0.03937007874015748,39.93586129335847,40.272601897895086,40.53442041206406,38.662498669988096,38.72362712843039,38.5677383063276,43.451590564367756,40.88116566423659,40.869585422247106,39.653515931991166
0.04330708661417323,40.035937551568985,40.194320812603486,40.381405186473465,38.82915102476884,38.992427468814384,38.62023185413497,43.83315683043596,40.85527027706141,41.20078837220029,39.7123542983924
0.047244094488188976,40.28879701096751,40.00165825401111,40.32213618431307,38.92820312416388,39.249526202503304,37.44171585315405,43.207993216483814,40.78223031213074,40.43843746312919,40.10483785198555
0.051181102362204724,40.18669852642088,39.973957622413415,40.061279298633416,38.654412236471586,39.468172807518734,38.35845392600291,44.0544559906208,40.66495251532109,41.40315947907586,40.217311766322965
0.05511811023622047,40.54766540826737,39.97478145596893,40.332460763167916,38.76038513123695,39.327058286459135,38.17374942445643,43.65137377138617,40.49122297029826,41.17061225734191,40.343821640447956
0.05905511811023622,40.65876757870027,40.37944379679682,40.34244903184766,39.15922516830757,38.699189932381195,38.28793733416652,43.674082177250504,40.78787890779226,41.95900432144913,40.96380621954883
0.06299212598425197,40.88765675811931,40.42057522001988,40.28582041547887,39.200271839311476,38.23485090675182,37.41419682876735,41.94505255560806,41.40494046497318,41.07916770486027,40.838730694291826
0.06692913385826771,40.8506165044347,40.53024289000723,40.678428816076774,39.091315639202385,38.05895150954212,36.74514065936953,40.77922605142684,41.776178786194905,41.58776266712124,40.48870483320057
0.07086614173228346,40.74130586130242,40.78218636464338,40.78155712950276,38.97984400817453,38.199501971029925,35.2690269122329,40.44907069621763,42.0526716426354,40.64262460526402,40.6242892415473
0.07480314960629922,40.78537001437059,41.04932029559898,40.6211782750541,38.918119650678726,38.123566540033224,35.277219364090875,40.83574101102047,42.15142081339254,40.04145910355965,41.40599539662273
0.07874015748031496,40.43011033130589,41.144984292166576,40.70690713532435,38.93775483933597,38.08546243017608,35.20615987632952,40.837543139204975,41.554254510217405,39.78194802060894,40.850868361619426
0.0826771653543307,40.090158400459835,41.0558262978083,40.63860333936398,38.76014049047294,38.06491320504059,35.127281908475474,41.95334637108765,40.67963126315588,38.79382328096475,41.81289814149277
0.08661417322834646,40.210736828280126,41.56111775470567,40.70231814958554,38.841089331566145,38.06511592828977,35.02853585343482,41.53285224272698,41.36243060647699,38.44361267334955,43.03032042742106
0.09055118110236221,39.74561921798292,41.57383870242121,40.73692972781433,39.45975783759845,38.03715561246734,35.41758568235427,41.234599423569556,42.78169265593391,38.09650365403491,43.551557119549535
0.09448818897637795,39.83959842021964,41.584425061831496,40.45745413362504,39.76135464771513,38.23458702779379,35.60059764894675,42.096075526734936,43.84981986406972,38.13362757958493,43.057422482265366
0.09842519685039369,40.05615917929882,41.36679033551103,40.83267093710589,39.430398828293214,38.393440643044606,35.87428599140488,41.668443800920016,45.255435875114514,38.233316054908066,42.83102064488052
0.10236220472440945,40.6256208479924,41.12923174928412,40.706872540617475,39.47368194063625,38.29029104878236,35.99516114049278,40.807610656874935,44.58707278931662,38.97131876047308,42.40991194890155
0.1062992125984252,40.24953782553242,41.1663567751877,40.45477303189539,39.609630254276475,38.087484998799496,35.42104485724689,41.170414313256266,45.4374314142907,39.42924058894838,43.09257745281783
0.11023622047244094,40.65998628485085,40.98349057763445,40.392134773441136,39.83052927852257,37.81132450315624,35.01728228512131,40.271637697395605,46.52897273126912,39.24829024201169,42.94338125977173
0.11417322834645668,40.737226089149495,41.33898891742735,40.003812628752236,39.89549035482469,37.890845145197915,35.76339618624266,40.642043521462334,46.8836945752519,40.59974715387578,42.530178315134684
0.11811023622047244,40.95631227366807,41.03767406654588,39.691269212161195,40.044994459960414,37.97935393528921,36.300809443705816,40.69759190213364,47.103376825903055,41.59235415743385,42.889071490786726
0.1220472440944882,41.04003405631205,41.146270025791445,39.54066411859436,40.122270497145564,38.067137180479946,36.624480744513455,41.40150619417049,46.855973321073165,41.0644750831372,42.20641262013322
0.12598425196850394,40.87547178945217,41.64740490829839,39.67690278615656,39.841315822429756,38.24194241376116,35.51209983996847,42.75644991113858,46.06725040556175,40.94135430840616,42.0430838545822
0.12992125984251968,40.64480104715604,41.87276105624756,39.98408597653241,39.654978868687536,38.491172815894586,35.700120210552654,43.323760325770465,46.71081763675015,40.58623136971533,41.95272921896119
0.13385826771653542,40.76927407715664,42.1085258526215,40.478848201786064,39.61265665493303,38.32731895812296,35.87523293101688,43.17521934060336,47.910626969485314,40.917985986193436,42.456162987696835
0.1377952755905512,40.560989197431894,41.91287245925055,40.478389244238265,39.71616527209292,38.411966889777155,36.26522033496855,43.990368152969204,48.06930776331184,40.10493834555334,42.74240685757379
0.14173228346456693,40.79067189346019,41.93609311562045,40.866687296316044,39.66897596546022,39.08572432376209,35.91181573884097,43.64637890598647,48.534156169969975,40.90289180524857,42.776862165810314
0.14566929133858267,40.97007852953271,41.73036118893412,40.61139570803008,39.8078071516036,39.049386745092995,36.10275590432188,44.83242810120431,48.74037733587828,42.59150512316792,43.176537027426214
0.14960629921259844,41.17298196233861,41.87398865812188,40.61202403554776,39.615104905835906,38.69667097624699,35.12265347103084,45.38340318794415,49.054823052182016,43.47332016755617,43.65287049785054
0.15354330708661418,41.077080080556755,42.118782525830795,40.68576672218309,39.32417080929079,38.75700197761852,35.06296482803922,44.53326380933058,48.9171565553024,42.913855099597576,43.27597688417931
0.15748031496062992,41.19579847826596,41.90509819606697,40.74423208946662,39.35711168123693,38.49736135910267,35.40325491152049,45.72084227854415,49.24311184596532,42.129104309898274,43.5982381137393
0.16141732283464566,41.3077438795635,42.07234630437355,41.04036560300942,39.63594040932342,38.18276764063655,36.0845294911503,45.30510930592252,49.16285516200207,42.158714572703886,43.08204438603375
0.1653543307086614,41.08418650558545,42.22818478375343,41.192059852702094,39.78275738459604,39.123844123644254,36.46852748564198,45.24055860864414,49.50962008223282,41.591717297394446,42.80676292612292
0.16929133858267717,41.25076343241488,42.549018209506016,41.45809384432135,39.9641521645764,39.064934012243064,36.89900199710896,44.997346849643655,50.87421800886681,41.35063464425171,42.97785874651929
0.1732283464566929,41.466696220552485,42.36279410330743,41.41607643308293,39.86132436860619,39.10345848232166,37.45622966430847,44.017457429213906,49.49306938322519,40.38056501309149,43.84935663504327
0.17716535433070865,42.088526670749935,41.88647434871837,41.61397985543428,39.476796585907145,39.00614080803391,37.14967949104811,45.80462631799952,49.07838824490387,40.516541946571664,44.930795207615056
0.18110236220472442,42.39598860570422,41.923157251959864,41.35223078398656,39.31826670428937,39.190897937100665,38.3362702208899,47.307476135283736,50.031851324654035,41.18653524862393,45.369636656498116
0.18503937007874016,42.221728929777726,41.99990274496246,41.383591658307154,39.176089364515946,39.73662110283472,38.82245541315053,46.92080015342054,49.41335007209286,41.20381332440542,45.26995310917123
0.1889763779527559,42.40961573541512,41.48605771617087,41.45155838770037,39.03192227057581,39.96793128787116,38.56478793010464,47.45552130378461,50.17716858817229,41.28042053760611,46.34056765433063
0.19291338582677164,42.2187607410893,41.47579076661553,41.6024840482583,39.26239297570896,39.68580211573353,37.89235124629526,47.33377996039407,49.63666428215831,40.09126413403858,46.302358884874444
0.19685039370078738,42.15009587514117,41.371784788718195,41.451595530770554,39.715869141122774,39.80539616143625,37.83788710805591,48.47987332480354,50.15127747596413,39.4661066890235,47.67089314512288
0.20078740157480315,41.83653926247668,41.62959798948508,42.02313150602311,39.99192239791029,39.44472208967375,38.58049567344873,48.94544763212896,49.996797593265455,38.89078154565938,47.41508438163759
0.2047244094488189,41.72919030670544,41.98019199375859,41.85638909083346,40.12218455589482,39.655077924224905,39.25762125814477,50.415514675600484,51.230736992125934,38.61092953914596,46.60474539271764
0.20866141732283464,41.506204615140284,41.98434575083788,41.024908609011476,39.883251378796444,39.61096908207135,39.362927404271645,49.04078453717774,51.514646332694305,38.53977301130494,46.286062527386214
0.2125984251968504,41.20084981550099,42.43421223226144,40.6761532290629,39.79197282551304,39.6621773620391,38.396854827577314,49.459052170054996,51.108519547250175,37.85070742915121,44.22249104592253
0.21653543307086615,41.59290860940947,42.071953082018474,40.99223864390917,39.81332714317448,39.4366545700978,38.39842262001361,50.85739211315741,52.464510824637856,37.5971927948873,43.82563419311087
0.2204724409448819,41.73315723612161,42.14437795337456,40.857224364671026,39.849573919982426,39.35994114395767,38.69892173114923,50.084938126454844,52.73766561781529,38.06676214068773,44.68981435626261
0.22440944881889763,41.78259901320076,42.339380761397024,41.2831198887452,39.55889900320234,39.905323614704585,38.65640649696601,49.94858358641096,52.03625778575037,37.59099114687766,44.55216094910044
0.22834645669291337,41.29056515196499,42.31906025312451,41.45501749134887,39.6473345331956,39.76825986826299,38.897432339705105,50.68798697307343,51.40523794962311,38.48894007022047,44.383731015016544
0.23228346456692914,41.256152182963426,42.208145295436466,41.32130174414493,39.877420648052954,39.87613347380436,38.90277160053596,50.117817236378215,49.47470654490811,39.04086863587421,44.917705711589264
0.23622047244094488,41.0962738445853,42.46633389561608,41.42049805894449,40.09964919877491,40.05250894837001,38.74947233947855,50.19416089572685,49.898490424699666,38.102393664408766,44.56615780907431
0.24015748031496062,40.90192396105124,42.33713230374909,41.6342849085145,40.27216769833031,40.06617857649723,39.25056464964643,49.23029052777344,50.15184036255372,37.30958049853263,44.91328566002368
0.2440944881889764,40.95135877986502,42.696541682382126,41.499414469747336,40.429439986124024,40.034276739607456,39.247163767618154,48.00627018841498,51.091836440903954,36.89728527882195,44.363659374550544
0.24803149606299213,40.91477232807437,43.011077715482465,41.733951055927214,40.6549090856452,40.38112344469642,39.38918546275205,48.89392629966533,50.30184723698735,36.950416463465274,44.683034512138896
0.25196850393700787,40.93949429240152,43.215440311496465,41.67242077918603,40.75680823865863,40.36722631317673,39.83604668734782,49.05235107454025,50.03600686558477,36.48818647539828,44.76452421027622
0.2559055118110236,40.98375184091909,43.39723851804654,41.478163446583906,41.31115162885479,40.131486817314546,39.18490438608469,46.82767896001633,50.40229498000828,37.02280846576808,43.126435791486784
0.25984251968503935,40.69087965552701,43.7330929952468,41.703795301381525,41.492446318745365,40.308668588494456,38.582765874841634,47.30460666358162,52.05282537804433,37.05237559365569,42.65431772446534
0.2637795275590551,40.70697688034715,43.507542467808854,41.743333879245846,41.335752189588135,40.57433844084192,38.49030054413831,48.34716687821146,51.5499738261181,36.60537571022689,42.35146930932376
0.26771653543307083,40.68864737812146,43.30274423649873,41.678877447415196,41.46238027032743,40.44999101698816,37.93288985096296,48.463040339298274,52.88809718001988,36.80818377071556,42.2038288770057
0.27165354330708663,40.49795479725862,43.38941340164705,41.76263106478497,41.35008341706656,40.349548987056565,37.77717435481841,47.297582354086806,53.64573238626832,36.78063122254241,42.10428531012839
0.2755905511811024,40.576053148963716,43.0156722538315,41.41354674471305,41.183216022629026,40.3145721580779,39.68721805641102,47.54158098530564,53.038438527129635,36.552018532460316,42.882684669006295
0.2795275590551181,40.67437900945445,43.43419965387079,41.65597651369148,41.161343507627535,40.328808146409415,39.77648434751299,46.4914371077031,53.82827789609658,36.18619382555755,44.163064291925096
0.28346456692913385,40.437735970567296,43.44967435570595,41.60020897353586,41.2641380887371,40.13853410204314,40.46917200026758,46.187177288635745,54.93536245987625,36.24180655201471,44.77469560600064
0.2874015748031496,40.588613643864264,43.8880685451386,41.591473723371436,41.387641838285695,40.331311031559125,40.79600716234489,45.59580387745281,54.40674495640017,36.844464786688256,44.5607183568402
0.29133858267716534,40.5056082974071,43.97051325757101,41.614409453628305,41.43256047901577,40.15474644756639,40.55696914539656,44.93420925421673,54.79396773104305,38.05392199063217,43.83556832251968
0.2952755905511811,40.530974183472175,44.12868223487947,42.01298085474335,41.70151751866646,40.71621859294342,40.59153815837932,45.950849808988075,54.75140128998792,38.341934000556755,43.12575282900673
0.2992125984251969,40.35497548516971,44.391065528841075,42.081160822608915,42.294199776367556,40.52895356492253,40.88343334248235,45.83766468932226,55.6238643848344,39.07419775415337,44.897934891296345
0.3031496062992126,40.16141516563009,44.2450862642966,41.540246800992605,42.17465778121337,40.35505270066219,41.27447503929927,46.09357686166255,55.81975104915003,38.87619062188819,45.15753619915629
0.30708661417322836,40.2182875644657,44.36086718894336,42.04888983359846,42.44609094717485,40.22804023552934,41.1027178205705,46.237157725901454,56.99982504724671,38.28074020409927,45.98631365558099
0.3110236220472441,40.010571609023096,44.51874824026232,41.72042749758275,42.95391747718714,40.54475183298965,41.97135094087865,46.17336761971514,55.12955742360968,37.93383650305113,46.943638793159884
0.31496062992125984,39.911688325221064,44.06124148053212,42.09455091496211,42.94334024839823,40.8788077975784,41.9761240691291,45.47139350899267,54.719081597728334,38.4519648687999,47.36841862350267
0.3188976377952756,39.53125458385245,43.91635170876354,42.11582309500334,42.97628738424365,40.78268042328904,41.8386294961466,45.23122671689846,54.408669431009905,37.91375849664329,48.59108572194541
0.3228346456692913,39.70442318169504,43.64291069862786,42.09809539112237,43.02902972648864,40.933589280101366,41.646857732529675,46.11618789978991,55.7327808811922,38.52539614523808,48.28505295005247
0.32677165354330706,39.900464160562834,43.355557432359966,41.712752686084485,43.3943159968933,41.0382795750792,41.930285867081615,46.12047205226396,54.969053210093726,38.73961540857098,47.41483833109392
0.3307086614173228,39.731925346908454,43.79801104383758,41.76273491493983,43.735916468404014,41.07505354962466,42.731273791483915,45.80612738738917,55.16847603139507,38.93006735505661,47.24467383636956
0.3346456692913386,40.26444135362751,44.301093786314894,41.71722610206595,44.023201052445415,41.26079041553188,43.144722441723296,45.48653412197692,55.948555779328025,38.126506845723846,47.36065388690659
0.33858267716535434,40.62923715619718,44.0538038703313,41.916513907453485,44.33636391569398,40.82495796528074,44.47734415563342,44.79426766922685,55.3801780680849,38.45187092646582,47.5164435247574
0.3425196850393701,40.34678337870125,43.510935905532456,41.86546093998667,44.55692409102476,41.22908697913544,44.742987905728214,45.15916282901925,55.95773421791892,39.139376195265854,47.844355372425696
0.3464566929133858,40.384602554960075,43.976123666610725,41.52270482040829,44.1017514492774,41.234195414880915,44.5947981475314,45.6569386326535,57.65184005406069,39.07643599187039,47.13556943783913
0.35039370078740156,40.50100236393411,43.987878301965466,41.00367746570104,44.09792571422154,40.916175500877074,45.390304495050714,45.59229271944037,55.71422443288645,39.614340022645266,46.76202342007769
0.3543307086614173,40.69031782855545,44.1098427408886,40.781237053090855,43.97657497587269,40.66357311721341,45.347288108309506,45.851257652645515,55.90703432589009,40.073913209800374,46.46467445265914
0.35826771653543305,40.69353876467543,44.395036555997784,40.54827201973608,44.13643466628385,40.54749117028148,45.733702382813426,45.68624306656199,56.58136898860543,40.47967514399794,45.804819381380526
0.36220472440944884,40.51031668958646,44.38619629392585,40.30403975770537,44.00396075706562,40.26188626214688,46.534389088501676,45.323727596630725,57.32529827372143,40.73201956397222,47.14721739452145
0.3661417322834646,41.02885777079036,44.41698718244557,40.146127426609574,44.08383104004918,40.25253069123183,46.39325332265481,45.09678805106329,57.3349184524306,40.55754978596004,47.761104607888115
0.3700787401574803,40.991355522436756,44.60913798086479,40.355909692499544,43.95791795092098,40.126115041102196,45.238912820896985,44.372712316475834,56.40164716139482,41.1812981874706,49.06525969303812
0.37401574803149606,40.93997749457455,43.985899385577625,39.991305617102384,44.35569195853562,40.55923176675939,45.18616466619549,44.27616779699286,56.490271456217215,41.95131117001769,48.37469625253922
0.3779527559055118,40.89534677228714,44.16580528041952,40.08830045408523,45.23353800014803,40.86331563196555,45.37647031037635,44.97439305830619,56.960993708335685,42.09588768390078,49.15716884015486
0.38188976377952755,40.88184372550096,43.92187077959946,39.703160135234846,45.312655318316715,40.6886933745321,43.47376553294708,45.47387241863888,56.40347951433381,40.90694869103474,49.57458039711816
0.3858267716535433,40.53632785851251,43.764432036531296,39.45248252966011,45.81374572836882,40.933002155456585,44.43106618198559,45.39731120801356,57.273199035728155,41.960845649620396,50.620540024069875
0.38976377952755903,40.5534510578232,44.191504461266575,39.49027378187436,45.5878043937556,41.34353443606538,45.59505226172872,45.94724270532116,57.36802757781162,40.92623269782491,50.44906838795412
0.39370078740157477,40.70973851448059,43.9247724831421,39.46176772220929,45.35887718241885,41.004351408112704,45.01348471011632,47.533649655495644,57.23685137157337,41.02466357080409,50.909328277974936
0.39763779527559057,40.96555019563947,44.47177586683533,39.13411853980508,45.540531506982276,40.85632350063937,45.06553858054413,48.8199901348283,56.70485298388707,41.1692808587966,50.34045491838989
0.4015748031496063,40.85969293813986,44.32748411605548,38.94045477228134,45.57591161420053,40.66260717320717,44.15368455743081,48.37455602039263,56.69869864243412,40.91148856359909,49.81746047477498
0.40551181102362205,40.94833550861221,44.334453239257314,38.90046867103272,45.33790873747102,40.53466048036989,43.20051201455224,48.33434777128002,55.387189851812664,41.41858560974707,49.90541935288777
0.4094488188976378,41.16176589237565,44.49474334292784,38.68024198507605,45.38758581330383,40.74491632078391,42.23319691710868,48.12274314741052,54.75986447948659,41.64552377388795,50.978349751989356
0.41338582677165353,40.75005193950163,44.66746241536762,38.53769638542322,45.57152787422781,40.56903384301489,41.01087294777219,48.232308309903715,54.64818363279522,42.10376390837829,51.17292022116158
0.41732283464566927,40.30781621553935,44.23241613590494,38.56753044844615,45.66732309298208,40.358004024728515,40.546496698890316,48.01370187626505,53.99162203779451,42.83431111923318,51.21420366171913
0.421259842519685,40.48836808078575,43.792176951781066,38.569760400388446,45.34189087561214,40.21200722779436,41.774863733776385,47.990698101206455,53.41715617286002,41.83745898888774,49.789817815907824
0.4251968503937008,40.51953791570601,43.57644474757623,38.49491673912294,45.64960287411443,40.08544795413095,40.756520328783736,48.21446409610359,53.868664828088264,40.81952260257382,50.512385854940064
0.42913385826771655,40.751149199618396,43.288144283533576,38.64107146794438,46.08407967723287,39.48272171747868,40.466943394043625,48.348263772541614,55.256449343409244,41.413063639524644,50.323477770298126
0.4330708661417323,40.56663921905416,43.46533622920979,38.61009759200065,46.213171197229556,39.351745717443,39.92035022090464,46.73914721947704,54.6592109954231,41.295474086052046,49.56797908892968
0.43700787401574803,40.60784492859837,43.44341383899418,38.911246981857545,46.308777897515874,39.45369619152256,39.8570162777212,46.817574103875565,54.492241381027576,40.89392695675529,49.72253327550857
0.4409448818897638,40.52208501829786,43.33102257278067,38.824020786788935,46.44527088139999,39.36811912738614,40.152153361936755,46.03890468744028,55.72403216289221,40.850004775084194,49.76072632569611
0.4448818897637795,40.61490693665289,43.915760151731575,39.054571933454035,46.3722025944681,39.683439157468506,40.61718645646796,46.22908041460841,56.58350396514354,41.05329008733695,49.3061872843098
0.44881889763779526,40.530100912296156,43.37489849066723,38.82599118161603,45.849775606046286,39.614661772488084,40.866703035184024,45.42152771127759,56.70659296884649,41.05128595527338,49.16851640646622
0.452755905511811,40.55393294131736,43.85164692876179,38.92397888759933,45.808404526285315,39.8395381401453,40.803611006419494,44.102169197460874,56.24528059482264,41.13046743055997,49.31503914949552
0.45669291338582674,40.01045119698877,43.93719351826454,39.13063716507171,45.40505995374189,40.144270452068696,40.16511294403324,44.9986266809737,55.50763948993214,41.775382040350834,49.668804552786256
0.46062992125984253,40.11433258417554,43.84346198791018,39.30448940109386,46.07342402988927,40.20904609552581,39.77693576483981,46.27301789635915,54.49454635730289,42.39744490430687,50.47184832176374
0.4645669291338583,40.19576128657839,43.73780601018728,39.11347127717969,46.33523309337437,40.012057687689634,39.377290024286516,47.305609630663724,54.30654630389982,42.60947466554184,50.70179564856909
0.468503937007874,40.23280117634147,43.62738342675804,39.24950118973864,46.45413037619373,40.29144370327344,39.31293260669949,47.92962265271051,55.008155305356965,41.46090549135081,51.76312809158281
0.47244094488188976,40.123058705426786,43.57411853605451,39.02700091669965,46.34657499307749,40.40586474689397,38.306283088128886,48.728579204100186,56.00635435494375,40.770959142370174,51.45401140880035
0.4763779527559055,40.33258974239478,43.34257704671827,39.258385517770456,46.76269629782679,40.52977184622868,37.65997643909925,48.5873201569338,55.76219428629365,41.28885241885736,52.53590720780425
0.48031496062992124,40.82660367844577,43.15261761402764,38.970338214539765,46.26288525918541,40.92937342239372,38.50226774765601,48.181812868213065,55.60553062247703,40.21804107238191,51.89661060640806
0.484251968503937,41.01351996466107,43.15795437162845,39.057207788238735,45.958035726090586,41.57681282167547,39.10319131021965,49.425631738608615,54.55513974764979,39.863270190247476,51.8996325360566
0.4881889763779528,41.066150430970616,43.20796774842026,39.25352125664747,46.11845506668296,41.65486140725698,39.29351278248304,48.821288734704275,54.943814024482435,39.58580627185911,51.91238619156166
0.4921259842519685,40.8818686716131,43.35620117305948,39.73560603371103,46.52957144533779,42.09094543988183,39.6487918175959,48.849272277539285,54.59366366006169,39.53644507733305,51.8649561622938
0.49606299212598426,40.77004811454013,43.10747133166439,39.72301714255676,46.56782294733194,42.39980918251955,39.43739642278563,48.67404327719343,55.98850185647699,39.90299714767616,51.649064129109036
0.5,40.35635335085305,43.54155034332827,39.70240134206091,46.4650920429858,42.15058027557943,39.887185573289514,48.442160939456315,57.04525893685482,40.153220639844285,51.586530392244356
0.5039370078740157,39.9563793814175,43.787014638614764,39.73942298907417,46.11095864114509,41.82797634183523,40.18616019408166,47.27136510931307,56.06393907990496,39.42018591490318,51.72657249127017
0.5078740157480315,39.891072291815014,44.266255342928574,39.69346911277798,45.697845178118776,41.78324181569282,41.29728163523341,48.9482457229667,56.65155434331683,39.748512120977104,50.289625774378095
0.5118110236220472,39.84165607214512,43.538105063114,39.698699308962944,45.65321797994187,41.98550731082146,40.96524510204777,48.36649355804056,56.126597258685,39.662451447511884,49.94096989126994
0.515748031496063,40.322697187422925,43.86643194870958,39.65047663382557,45.35781791515039,42.68327018437648,39.71270659893262,48.956780336478545,55.20864507514043,39.830039654299334,51.58938752709168
0.5196850393700787,40.35672996509298,43.890990180032006,39.663207080929574,45.43562178023604,42.66477309728611,39.158738605000735,47.03676155593869,54.987041201682864,40.536725279968806,53.19855611458404
0.5236220472440944,40.23053307337603,43.76112300650041,39.67379432723207,45.3021633045504,42.49409901675328,38.421976343147456,47.425466825701825,54.611666515684504,40.48850656943875,55.430376814563786
0.5275590551181102,40.27640568071279,43.71178547327418,40.06693513725991,44.570024940534715,42.80520528684375,37.53428478039012,47.636638274627416,55.03812141953159,41.197238210169125,55.54176101975468
0.5314960629921259,40.61034037377986,43.16376354377638,39.99971194503701,44.487205529397194,42.44739345571011,37.733390777440434,47.366485504828255,55.296474350911176,40.99491821516652,56.10954573674459
0.5354330708661417,40.43132938365852,42.88337468526422,40.45839518441819,44.769406084467725,42.80611158990612,37.532444894080164,47.669052512227715,55.29721603626479,41.738406565989756,56.09081966342168
0.5393700787401575,40.63351086369264,42.59983581823498,40.34435543301732,44.92802633040441,42.49808433553818,36.50630608939137,48.6351821846576,54.53769584512758,41.3300882423092,55.5932190728702
0.5433070866141733,40.83449196883758,42.5557239132966,40.268532494654494,45.14967427965537,42.63662795800126,37.31062835612059,47.028830758788864,57.24780507434167,42.03427711888458,55.814160688391986
0.547244094488189,40.761297684827554,42.88539132263626,40.01440770577612,45.34549585164809,42.815441252301206,37.296127653577365,47.261706006343715,57.74282531439902,42.47956923307754,56.32697406004927
0.5511811023622047,40.70138566324853,42.9934102540098,39.719191656653116,45.62982581032575,42.78599543591594,37.36615631393747,47.13773441655846,57.63308556253376,42.369760933375204,57.35534726651224
0.5551181102362205,40.58711998293591,43.296707706419014,39.562419831246046,45.248130892755384,42.38831162397864,37.7317171268701,44.98581873276047,58.25328439973348,42.51920542891678,57.36561203823929
0.5590551181102362,40.760625276248085,42.969311539110244,40.01671505496487,44.67842317044464,42.85954057298604,37.5195889217285,45.800319246523394,59.146640191824844,42.023804661782634,57.75900383375581
0.562992125984252,40.833851017796256,42.96353684650117,39.89879838101053,44.81142385141224,42.86966827469889,36.96544896148878,44.83078169054022,58.59311676924848,42.61214993362164,58.649851967247294
0.5669291338582677,41.13582439611046,43.01462775082278,39.95527585118587,44.73035707342235,42.87460395919668,37.28042791391971,45.361873130657,59.09522565024945,42.203495460267646,59.074931352403134
0.5708661417322834,41.23470508699496,42.57337897151043,39.636159985208124,44.960096421094725,42.940825759618285,37.766116621281064,45.92003069307883,60.225256720673784,42.69234593223756,59.42851823358812
0.5748031496062992,41.20658412405898,42.59841661954457,39.741329087055824,44.829068649957996,42.75141046060127,38.41793110815225,45.92262140904889,59.42058746985816,42.60331139128963,58.76218213718943
0.5787401574803149,41.27668820024342,42.357036276675665,39.861906129872125,44.37134060543121,43.04767507318472,38.02919265441869,45.84021161045767,58.71004968961847,42.41763059753796,57.04447265163235
0.5826771653543307,41.4185884263715,42.44509292830389,40.12652511135937,44.855989103680706,43.34199912206424,38.174397631332255,45.862735221706984,57.98528973268042,42.876319117311844,57.91038131118167
0.5866141732283464,40.959743724290036,42.12436341665214,39.98816807061107,44.884524274972726,43.50325400584395,37.22979589572175,45.33568244315317,57.31308773125792,42.26442042746092,58.691239742494965
0.5905511811023622,40.7925755110644,42.19362934361464,39.81752843584094,44.73350746490064,43.13983931692176,37.134190060792704,45.16899023958999,55.53862089656797,42.705655027519875,57.57803971728014
0.5944881889763779,40.57554107477523,41.85570973993138,39.5925302365578,45.05038073469598,42.90323379938591,37.18664462434039,45.386862195203115,56.7502664073831,41.8490550490778,54.87804307485504
0.5984251968503937,41.26489821645527,42.00504223776064,39.6571533993123,44.82903133035753,43.11202564462162,37.31145704344576,46.6901900033998,57.87999639988399,42.00645944644477,54.48075027042048
0.6023622047244095,41.13534987400536,42.05704442165191,40.31291774264768,44.823190445032424,43.44328220280308,37.80147903931047,45.99922237554564,58.339840072001095,42.35937442979551,55.412551566059555
0.6062992125984252,40.973289744213425,42.067680800858625,40.77987969736869,44.66803495985411,43.9578572211289,39.455730684575975,46.30410673302028,57.901628321205855,42.36239347469948,53.90100894244402
0.610236220472441,41.17460264301845,41.939088756215234,40.960963569403866,44.961717922702896,44.150129928206056,39.04440059943423,46.02870263524079,57.452970794296824,42.483649033945916,53.23110763314559
0.6141732283464567,40.78838383205935,41.76755689863402,40.91669996009676,44.96196089911012,44.34292842647604,39.74943982433061,46.050597984932274,57.4717322016744,42.285205991644354,53.385841058809746
0.6181102362204725,40.853132788727834,41.43733195340682,41.03364047909373,45.15545904336851,44.51962961333595,40.28268882861362,45.445967160910726,56.90557619398657,42.10372103552204,52.283988148224495
0.6220472440944882,41.14947579046954,41.673729193770676,41.17125060889879,45.156912241549655,44.07668802036466,39.784039028817965,45.127947742103025,57.71297840843824,42.29702265854627,52.46746148751899
0.6259842519685039,41.27984166695978,41.74772462535823,41.260858935202876,44.81649269916291,43.79853277713688,40.33385296001238,45.052023255005174,58.093735562628396,42.248519129080734,52.71064920038898
0.6299212598425197,41.572123984649984,41.75708654574953,41.45678846056655,44.84562907704393,43.82740247356603,39.98420114327376,43.349786229227625,57.9988153337418,43.21137261307804,53.50138387810011
0.6338582677165354,41.836512597574554,41.64160683604354,41.501377572220655,44.73673796150936,43.72862292147806,40.608596321346916,44.210837652417325,58.106876345494975,43.3655340719214,53.008299569354605
0.6377952755905512,41.77511845700677,41.71931974317137,41.39631703934214,45.11036826568383,43.50382174514601,40.426442289440146,44.658767292433836,59.23165393512362,43.29116354983668,52.65900637557783
0.6417322834645669,41.74587186223151,41.623921129784414,41.79171759114453,45.18731461324775,43.80603450331954,40.445876198580514,45.10103233441518,57.91810694007127,41.75232023203467,52.229124702937575
0.6456692913385826,41.3764712478433,41.71333194886014,42.04474475193943,45.231992965616925,44.11959193964058,39.6905034935821,44.762844634889795,57.81120751741207,41.475193686919475,53.44378719469511
0.6496062992125984,41.261721240261814,42.101911377753034,42.67108576336796,45.15038492146951,44.01710695920349,39.91268650381364,44.99497581589138,58.40276810152701,40.753867680970195,54.34016558117972
0.6535433070866141,41.65749484936588,42.5390790193857,42.5512536350059,45.05267742822366,43.960076945442054,39.88410791907237,45.4894645182675,57.44840057578746,39.77983259724966,55.0630083151854
0.6574803149606299,41.32575989506536,42.313975229222635,42.30326073378393,44.856916811717134,43.97127835134478,40.138446861179155,44.8672825418617,56.69183743903819,40.500899969165665,54.06167958116054
0.6614173228346456,41.406015962251814,42.745626280890235,42.058249155006834,45.155153808578554,43.93301258905639,41.19168203309956,44.25461747643625,57.28633689898568,40.311258623506376,54.59874329879436
0.6653543307086615,41.41272696763448,42.94681434261048,41.781836303889214,45.2848345830831,43.999652598344156,40.85956395172342,44.162515080580484,57.35017194058551,39.69658176958846,55.25902251852065
0.6692913385826772,41.560253802129935,43.045027109854,42.44526351793113,45.12502007224737,43.87384305960733,40.54992895668139,44.02501651838109,56.48273245351082,38.11978045633817,55.11954343972534
0.6732283464566929,41.41739082607273,42.91533534933535,42.29556409959109,45.48299659445615,44.28562001819528,42.10370814797612,44.587658599103,56.49235231110782,37.980591091602065,55.16500878501414
0.6771653543307087,41.288634934474025,42.711477961285034,42.44065333162815,45.34688806292403,44.48241682745508,42.48494743900065,43.78283997152554,57.50651043993547,38.424743527247394,55.81254591959393
0.6811023622047244,41.36071222450813,42.32544378609804,42.872799009982245,45.87929588384227,44.33239821898749,42.79723494159802,43.81699739881277,58.14064670104729,38.799610379425616,55.52895224165073
0.6850393700787402,41.279636336013674,42.42135831797145,42.98302538307122,46.09054779970906,44.91251362928943,42.43237554140134,43.90770730470572,59.580847678086485,38.06378809714482,54.276899851000906
0.6889763779527559,41.25330716410137,42.2289129156746,42.63133063462668,45.90093948915386,44.92439675418369,42.56208896277176,43.96350019362052,59.771002740906496,38.22743144772032,54.11250609533365
0.6929133858267716,41.73731152588763,42.11171327387194,42.71133307734006,45.91789504512768,45.28060604844785,43.57689802165528,42.88024080514125,59.02244918684748,38.18357487325229,52.74328285050282
0.6968503937007874,42.41879105041892,41.99133584705948,42.60034446431784,46.24042642583824,45.49573460087789,43.47727771489679,44.018064498392064,59.06967155240801,38.33979558164816,51.72560112939027
0.7007874015748031,42.930349507497766,42.165025963389326,42.52443243389627,46.43364384957356,45.83372541244422,43.0774585976185,43.77979305456435,58.80318678623687,39.12870634466065,52.202542376980254
0.7047244094488189,43.171644002559496,42.31915436755253,42.8291350121974,46.79625596883564,46.252869229102444,42.34676462683895,43.969762871096485,59.290532553725306,39.847002543155824,53.52146188344516
0.7086614173228346,43.36776452654554,42.29477213803309,42.88879618945828,47.17262662647774,46.03763291993532,41.692476300123616,43.43126560869406,58.14892760422107,39.719552422218605,53.938282890202174
0.7125984251968503,43.48857423930523,42.2103692715916,42.9167940816055,47.573318529417556,46.11458496795312,42.35789490501326,43.400040403979865,57.884651562233664,39.83287138280039,53.25715345786288
0.7165354330708661,43.521791236844386,41.87015135878253,43.138023814825246,47.78847214077753,46.76230619906859,43.76628520935894,42.32606451623909,58.07974336746729,41.11610835357078,53.28799499462506
0.7204724409448818,43.45830463088993,41.947506982515165,43.22590517263466,48.284051171080534,46.75643769774561,43.656493699404244,42.10873756274185,57.94283464539365,42.02097047374674,51.46428269543741
0.7244094488188977,43.5549201648821,42.127324320637726,43.29693963054978,48.17161052292026,46.83546869573222,44.72723416329864,41.18805891960412,57.72784512467566,41.75788320179547,51.963729153559726
0.7283464566929134,43.86890783196844,41.875887853384356,43.3535186374544,47.98275335046607,47.20878627304409,43.627106602854184,41.50612398433653,59.58821507920198,40.884690573623764,52.14291291884061
0.7322834645669292,43.470363905729926,41.74881351893648,43.47661136177411,48.47675558176049,47.21161347105125,43.1946889854771,41.80302044122879,59.63426488442526,40.49259918795311,52.56659485887423
0.7362204724409449,43.33946634953958,42.26131653389962,43.10213833747779,47.83084670091751,47.36426453504359,44.43766619535493,41.69758689621731,60.335733703033725,39.69026466814113,51.802770801954196
0.7401574803149606,43.22341507166092,42.01048109716186,43.314074335845625,47.92661279357999,47.21900292203331,44.78795909630734,42.68802431482673,60.70080908465737,39.51410692907622,51.82666874888521
0.7440944881889764,42.896607008797304,42.260305879503626,43.511247191538374,47.919431289250156,47.7884297207251,43.93063027455532,43.1129881736901,61.56962377105938,39.2525540994525,51.4690219302554
0.7480314960629921,42.628852048427575,41.87575588920342,43.34290320276706,47.92836389479888,47.883972576110985,44.13460510725217,42.83800847386711,61.53484054290063,40.56396256429569,51.293898490292584
0.7519685039370079,42.58446651662367,41.98804292158844,43.023014554033516,48.385189537332145,47.88191254091166,43.90737260824511,42.423115692754976,62.28225073174014,40.46781327475197,50.79563565817691
0.7559055118110236,42.9031251640334,42.09817298258393,43.16664110297304,48.58102756720925,48.0390425095688,44.83816228141997,43.38785529529457,61.725071203497386,39.30206336133306,51.622420919174
0.7598425196850394,43.096414134575504,42.46915410843222,43.24026286404308,48.820100933846746,48.034689649738915,44.37781187259439,43.94645251996865,59.84669173682489,39.870924393103955,50.666039144326476
0.7637795275590551,43.50619811283462,42.308976520124304,43.749310857964595,48.83086418200459,47.62615266925543,44.907483053700155,43.97705392581463,58.97942760976272,39.6351878918788,51.23543946656921
0.7677165354330708,43.561722442791435,42.14816614141901,44.00074285898309,48.65397505530436,47.515318853294275,45.003295107826645,44.40098278133808,60.835844545207856,38.68137220610774,52.55939787816697
0.7716535433070866,43.0658335649896,42.04846122724913,43.35233336558534,48.19342386110161,47.764475256149275,45.09822548222732,43.79596429943432,59.59507412055552,38.58489404694194,53.34409963759181
0.7755905511811023,43.298517818316554,42.180577455199675,43.10978109219428,48.201764854612776,47.78596146550113,45.029299836802934,44.85481995375423,58.26662397461314,38.59580619962955,52.32132801523248
0.7795275590551181,43.0042703769313,42.59840141966993,43.3674698763204,48.157707882824766,47.81659884704273,45.307423952831854,45.50003442448321,57.909578058872555,37.03737367498907,52.50933006719449
0.7834645669291338,43.080815869713994,42.07279921148635,43.3206985852071,47.97438551199113,47.538675292527955,45.63922355853899,45.81008841305487,59.059512217945915,36.43260779752394,53.094419454465466
0.7874015748031495,43.025183925089664,42.5672441927041,43.51535783442774,47.82511538066888,47.73192689336586,46.514519285943926,44.55364656685381,59.383549660812655,36.161683154562276,53.05160645516178
0.7913385826771654,43.42328639460338,42.83431570832088,43.55219772586793,47.653576188794794,47.963593020554356,46.790175101973624,44.234178260580265,58.782173464323215,36.19814025191547,52.17187668159253
0.7952755905511811,43.55101112109397,43.09515025240909,43.746347469184165,47.98991133560243,47.82517376217297,46.01531852270771,44.72647629728857,57.750664107048266,36.593586187627615,52.57510428624772
0.7992125984251969,43.9315819142584,43.168941696167366,44.33665130980028,47.80505861086456,48.36869952573899,44.79134577692378,44.27222946673125,58.85969127847816,36.0476644331213,52.21694228653871
0.8031496062992126,44.00689134935709,43.012889462813256,44.22298415944818,47.73155370395251,48.52028194161709,45.13715784080673,44.83718800735931,58.65525406510226,35.726827961213736,53.40666858788642
0.8070866141732284,44.172049325507764,42.87837641348571,44.237119003370864,48.39570202982568,49.069143897480174,46.38969177062699,45.5468349298716,58.76146553517411,35.29073434729612,52.73618855171187
0.8110236220472441,44.313849516798975,42.90885847868413,44.29133532952334,48.604868015908416,48.77742143937581,46.79183490044705,45.867284276264414,60.08115816281795,35.66748616155905,51.51769409871764
0.8149606299212598,44.263221693505535,42.47989060980619,44.42320789084188,48.82520892287431,48.652583406153944,47.586065792807204,45.17085687856111,59.7476666307941,35.82432252696787,53.15478576019942
0.8188976377952756,44.721280186011796,42.17324115663494,44.03602124131668,48.9170382484509,48.99522019930911,49.92995801778533,45.622101930394855,59.604197331052184,36.14161524662847,53.92003154059375
0.8228346456692913,45.21492901607115,42.07173628023375,44.354872263769714,48.92832914800091,48.965297884001885,49.702393339870596,46.92839207527872,59.847467200281834,36.44087633991285,54.50875157557958
0.8267716535433071,45.48698799092605,42.263813896670875,43.93710600130381,49.40474815838472,49.41244429647268,50.054565368618064,47.56813836475011,59.296269846909134,36.13895271188353,53.59382146873066
0.8307086614173228,45.32993558874707,42.38874290700448,44.09406085668579,49.5088960166354,49.26517146045591,50.42329887694065,48.17183258788443,59.750078846369995,37.10527906715502,53.61443684571514
0.8346456692913385,45.16032462016289,42.401972452443836,44.43935250739375,49.70115350020813,49.173883088060734,50.97606866728677,47.3696554638224,59.41549286780066,37.527645528825516,54.35387601538107
0.8385826771653543,45.40032958548421,41.66413975416599,44.780666199944726,49.182099794238816,49.08528572683141,50.76508683696674,47.33883235062052,58.028882234390124,37.33520150446398,55.138710278002236
0.84251968503937,45.10282155225993,41.34536270733535,45.127990241991526,49.06100473996302,49.215194827633226,51.24711829747482,47.732979316365096,58.10160464871655,37.35697675454999,54.5936300864386
0.8464566929133858,45.11085143530052,41.48865173114251,45.17106330031397,48.68923181616395,49.54609687815337,51.83310550468055,48.07073734764478,58.57748253009926,37.066371249430865,52.77534845806479
0.8503937007874016,44.99240552377037,41.103038671338844,45.07106393982784,49.1707218387411,49.833821300054275,52.74966055939372,47.73237739769243,57.812378564800945,37.48709773591061,52.47575208170655
0.8543307086614174,44.91523467974515,41.032382679566965,45.00139863945047,49.83467983522265,49.97679040272786,53.65162815925363,48.21691067312804,58.459598517051,36.70157509355963,53.4981619896343
0.8582677165354331,45.05765020918095,41.31702490442765,45.09008457813707,49.777223736626375,49.938829652906435,53.89684399907428,47.96038773164856,58.61870736915305,35.69630842722382,53.866375416366935
0.8622047244094488,45.05869440608259,41.326895040134026,45.31724818780432,49.81696479791052,50.19199123589809,53.05202782474097,46.965397708328226,57.24656730400878,36.336218673264135,53.36011588052533
0.8661417322834646,45.0571615127811,41.36681029156457,44.77047813001542,50.1269255610174,50.32482449133199,54.35345241507404,46.59285161770046,55.74041867066959,35.71698400774083,54.41973414197542
0.8700787401574803,45.36059956692782,40.63460610227975,45.37828524204907,50.10670324240072,50.69852649050927,54.24621090790881,46.21413512445359,55.90666725990767,36.01499235026801,55.399311140053676
0.8740157480314961,45.08605412241693,40.81003895933168,45.09978617392033,49.934264349793374,51.331352686549884,55.50440686535155,45.97516034419396,54.770170418418665,35.79842206621774,55.65167183345912
0.8779527559055118,45.053411510479194,40.884996232352,45.36730599304193,50.11316012986105,51.404050873777244,54.69151916266794,45.30659845849106,55.09141025649719,35.78801406642978,55.70659488989365
0.8818897637795275,45.17786750232732,41.520872874223784,45.372337610995224,50.20006880703505,51.7672119058747,54.066634834629866,45.16425800698039,54.318728692859715,36.304665761888806,56.63755075055037
0.8858267716535433,45.512596086829966,41.84974025597529,45.57561434063322,49.86375797746893,52.32223416757486,52.52640663614049,44.527070100840554,53.06925082304542,35.95163587619974,56.59017910208507
0.889763779527559,45.206734611908885,41.94898041739878,45.38144824719572,49.86724849866174,52.45488566956127,51.356787127241475,43.90421581142416,52.25856329777709,36.08550963599102,56.67847130412495
0.8937007874015748,45.3192458313852,42.07985314897449,45.862390215587425,50.03271641924633,52.39930793279376,50.79961634245587,44.04673429670302,51.835112218385014,35.94878710858204,58.19308281877447
0.8976377952755905,45.614802627944634,42.413792239272,45.530793413941524,50.24389762890169,52.65459683812648,51.891779781036966,43.16961829353314,52.53426169811957,36.4233228861845,57.17239530830123
0.9015748031496063,45.55118646661926,42.79994408120505,45.50943530362795,50.3072239166361,52.62229280784735,52.58277645916608,44.23146349696299,51.63402195857163,35.916314936153775,58.11207398382763
0.905511811023622,45.57715941530382,42.525759048268306,45.119726999712526,50.83430555648023,52.36750265418501,52.83155733557448,44.63499225612594,51.93427678947623,36.15340038201746,56.93035769613088
0.9094488188976377,45.31517698505067,41.97126013364743,44.96014928034107,50.436305337064454,52.93178136792467,53.724467729320914,45.47498226861869,51.77193684079953,36.14582423201818,55.58992580178877
0.9133858267716535,45.62370975828768,41.80986391943332,45.616813848759264,50.77082844380314,52.84890436137286,54.18323408116543,45.90453713266458,51.745889762190814,36.80040674720839,55.32487156222772
0.9173228346456693,44.9297628535208,42.43061886191909,45.24063423845303,50.27064901574924,53.21296030071814,54.68871340508668,45.191987775646574,51.751219205924166,36.717144029724665,55.54654228033366
0.9212598425196851,45.638790861749534,42.81920445656859,45.42208182080177,50.48199997440858,53.52304533261732,54.397544981511416,45.12013747990276,52.44624549430115,36.48293214379902,54.1729339325192
0.9251968503937008,45.8776817471439,42.91498214728779,45.47323875026039,50.48602322474346,53.295125277880686,55.916166976990304,46.11920901748172,51.40788838223984,36.89487808130253,53.771110526437546
0.9291338582677166,45.81856050369287,42.47939014909476,45.46666346762541,50.19671148611837,52.95126010434391,56.17369478404533,46.353852340871626,51.2431480803391,36.458706206385656,53.21406016517382
0.9330708661417323,45.8919250562846,42.870482605788794,45.750124098799446,49.72577817378754,52.64747669988207,55.39291932936687,45.77091320565371,51.21335817049783,36.06658359484302,53.80853460716789
0.937007874015748,46.18450280047952,42.626453819658494,45.707254732141756,49.92089092767884,52.35246695637094,56.71138003265204,45.37607026750255,51.42987977486587,36.366322115956116,54.23235511227882
0.9409448818897638,46.236858738659194,42.28979096272482,45.556380786373815,50.044641384449065,51.853920135060164,56.805742397863284,45.926139447463314,51.84323141659017,35.677470484293,54.997376584183286
0.9448818897637795,46.386491628777456,42.304559506522246,45.73583061557654,50.13859535320585,52.32225536979752,57.623224498534505,45.39795364228943,51.89857659721925,36.076751667436,54.84278235002465
0.9488188976377953,46.444853691086486,42.21056346896876,45.79253406884018,50.33320309501446,52.36301525919277,58.620313643352745,47.102786578622755,51.28322313945964,35.31224307572618,55.13006307473894
0.952755905511811,46.47862541007742,42.04458112209525,45.62369839951656,49.91401372111457,52.96258549178109,59.31151487757632,46.95445895140396,52.47652537824146,34.58744309413898,55.75533922300489
0.9566929133858267,46.13783245622807,41.88164857626499,45.439595500693045,50.217875057777995,52.889590447384315,58.77585293785644,48.24304341692644,54.141491343466974,34.187832324299265,55.30103750234349
0.9606299212598425,46.52084433496722,41.724449365174976,45.54060799466266,49.978386381540005,53.62646428279477,59.59614497462362,47.972870631721854,54.12850294247196,34.21759945592915,53.66189756870181
0.9645669291338582,46.196165394004296,41.82527353365874,45.74322320443338,50.13176242281565,53.589453590914175,59.61136443502122,47.47650006701426,53.73537420253112,35.008635862656746,52.62957023096037
0.968503937007874,46.18036045830467,41.85653117373491,45.722641880631926,50.458639381661165,54.35806010623198,60.399945221662676,47.291176412766646,53.52494714350776,35.459215448925654,52.935170141604075
0.9724409448818897,46.0406383777867,41.5165528650782,45.718915947465156,51.29922869152814,54.10962954135307,60.96911213930568,48.03174526796656,53.272063538825705,35.13542507012964,52.05911112725946
0.9763779527559056,46.535905558614935,41.97320472651482,45.58170979510945,51.506608814539995,54.68805661601134,60.20850571279012,50.27641768861949,54.33734374986251,34.40738233170325,51.003760647721975
0.9803149606299213,46.44718866712926,41.9394189895974,45.43688076238841,51.202992340402126,54.491098197914646,60.69205120347789,50.731773858041485,54.83085993941627,34.28603105975005,50.92748533218128
0.984251968503937,46.112432477323935,41.96820199796427,45.23883045056232,51.302292567644606,53.984869541497304,61.03287887053422,50.82409516369735,52.94794728505052,34.17863737515627,50.27138364607596
0.9881889763779528,46.229953154975355,42.2075242765975,44.694273951521154,51.44693838662813,54.426223992637425,61.229458235382204,53.22809485001601,53.278178525542394,34.02668907896794,51.022045173232506
0.9921259842519685,45.900910453352246,42.67041814095036,44.83289771356598,51.243661404653054,54.43289200131295,61.721992520286314,53.604002786554496,53.81052018690427,35.14045733178618,50.141041299749226
0.9960629921259843,46.0833984996615,42.7109269262948,45.00563423699458,50.97184560519983,54.51645222051818,62.20972099191583,52.85037663364394,54.3048468614911,34.65065422230939,49.836457548417926
1.0,45.69639045390201,42.7012976011552,44.77164184247621,50.760685336671585,54.96503426909569,61.95114902083745,53.68432849519938,55.11288561936091,33.98992258685254,49.90294731256808
